name,createdAt,pushedAt,stargazers,pullRequests,releases,primaryLanguage,open_issues,closed_issues
freeCodeCamp,2014-12-24T17:49:19Z,2022-03-14T20:36:21Z,342127,16843,0,JavaScript,127,15714
996.ICU,2019-03-26T07:31:14Z,2022-03-11T13:27:53Z,261380,1063,0,None,0,0
free-programming-books,2013-10-11T06:50:37Z,2022-03-14T17:03:09Z,226264,4339,0,None,26,672
coding-interview-university,2016-06-06T02:34:12Z,2022-03-14T15:57:02Z,213835,286,0,None,38,289
vue,2013-07-29T03:24:51Z,2022-03-08T11:09:09Z,194055,1071,210,JavaScript,328,9366
awesome,2014-07-11T13:42:37Z,2022-03-14T17:39:24Z,193207,568,0,None,21,280
developer-roadmap,2017-03-15T13:45:52Z,2022-03-14T17:22:41Z,188716,232,0,TypeScript,98,485
public-apis,2016-03-20T23:49:42Z,2022-03-14T11:08:47Z,184962,1868,0,Python,4,361
react,2013-05-24T16:15:54Z,2022-03-14T20:40:09Z,184272,8149,96,JavaScript,722,10487
system-design-primer,2017-02-26T16:15:28Z,2022-03-14T22:18:54Z,166612,190,0,Python,147,63
tensorflow,2015-11-07T01:19:20Z,2022-03-14T22:21:49Z,163574,14230,158,C++,2320,31923
bootstrap,2011-07-29T21:19:00Z,2022-03-14T20:58:17Z,155898,7480,76,JavaScript,316,20808
You-Dont-Know-JS,2013-11-16T02:37:24Z,2022-03-09T22:02:20Z,150649,352,0,None,85,807
CS-Notes,2018-02-13T14:56:24Z,2022-03-11T02:34:04Z,147756,375,0,None,103,436
ohmyzsh,2009-08-28T18:15:37Z,2022-03-14T20:59:45Z,142042,2658,0,Shell,175,3930
flutter,2015-03-06T22:54:58Z,2022-03-14T22:19:37Z,137450,23914,0,Dart,10383,55647
javascript-algorithms,2018-03-24T07:47:04Z,2022-03-12T16:46:10Z,136907,266,0,JavaScript,97,185
build-your-own-x,2018-05-09T12:03:18Z,2022-03-02T14:53:09Z,135378,86,0,None,142,326
Python,2016-07-16T09:44:01Z,2022-03-11T05:19:15Z,132049,1811,0,Python,32,917
gitignore,2010-11-08T20:17:14Z,2022-03-12T13:26:59Z,130639,1520,0,None,0,0
vscode,2015-09-03T20:23:38Z,2022-03-14T22:15:49Z,128896,8336,63,TypeScript,5587,124470
linux,2011-09-04T22:48:12Z,2022-03-14T17:00:46Z,128560,9,0,C,0,0
javascript,2012-11-01T23:13:50Z,2022-03-14T16:12:42Z,120906,777,0,JavaScript,87,1067
awesome-python,2014-06-27T21:00:06Z,2022-03-14T07:06:46Z,119687,526,0,Python,18,277
JavaGuide,2018-05-07T13:27:00Z,2022-03-14T16:37:50Z,118632,631,0,Java,66,690
Python-100-Days,2018-03-01T16:05:52Z,2022-03-10T17:01:14Z,115723,12,0,Python,451,93
computer-science,2014-05-04T00:18:39Z,2022-03-14T05:28:14Z,110096,206,0,None,9,551
youtube-dl,2010-10-31T14:35:07Z,2022-03-14T18:17:16Z,107548,1557,341,Python,4009,20760
the-art-of-command-line,2015-05-20T15:11:03Z,2022-03-10T06:36:44Z,104048,303,0,None,110,88
fucking-algorithm,2020-02-19T09:01:23Z,2022-03-04T15:42:55Z,103718,203,1,Markdown,40,251
react-native,2015-01-09T18:10:16Z,2022-03-14T21:23:36Z,101645,628,186,JavaScript,1864,20588
electron,2013-04-12T01:47:36Z,2022-03-14T17:24:23Z,100842,14183,918,C++,1479,15143
d3,2010-09-27T17:22:42Z,2022-02-17T04:45:53Z,100612,438,177,JavaScript,3,2100
go,2014-08-19T04:33:40Z,2022-03-14T21:44:23Z,96493,0,0,Go,7412,41578
create-react-app,2016-07-17T14:55:11Z,2022-03-14T16:25:22Z,93963,1916,82,JavaScript,1226,6344
30-seconds-of-code,2017-11-29T17:35:03Z,2022-03-14T15:41:48Z,93066,752,4,JavaScript,0,277
axios,2014-08-18T22:30:27Z,2022-03-14T18:49:41Z,91776,476,35,JavaScript,226,3282
free-programming-books-zh_CN,2013-11-04T01:59:19Z,2022-03-04T07:51:12Z,88126,269,3,None,0,0
kubernetes,2014-06-06T22:56:04Z,2022-03-14T22:23:05Z,86488,50832,518,Go,1611,38793
node,2014-11-26T19:57:11Z,2022-03-14T22:07:41Z,86233,3858,278,JavaScript,1323,12983
next.js,2016-10-05T23:32:51Z,2022-03-14T22:23:43Z,83102,8490,1371,JavaScript,904,11242
terminal,2017-08-11T18:38:22Z,2022-03-14T21:59:48Z,81703,2542,67,C++,1402,8217
deno,2018-05-15T01:34:26Z,2022-03-14T21:55:40Z,80835,6126,166,Rust,769,4888
angular,2014-09-18T16:12:01Z,2022-03-14T20:53:21Z,80194,3056,148,TypeScript,1522,22160
three.js,2010-03-23T18:58:01Z,2022-03-14T19:28:58Z,80106,9522,130,JavaScript,338,10662
awesome-selfhosted,2015-06-01T02:33:17Z,2022-03-14T15:49:22Z,80016,1728,0,JavaScript,105,557
TypeScript,2014-06-17T15:28:39Z,2022-03-14T20:36:16Z,78866,11565,152,TypeScript,5202,27885
ant-design,2015-04-24T15:37:24Z,2022-03-14T22:16:10Z,78695,8151,453,TypeScript,751,22531
awesome-go,2014-07-06T13:42:15Z,2022-03-14T18:41:19Z,76930,2650,0,Go,6,378
puppeteer,2017-05-09T22:16:13Z,2022-03-14T07:04:24Z,76733,2240,87,TypeScript,1806,3440
material-ui,2014-08-18T19:11:54Z,2022-03-14T21:08:30Z,76623,12931,346,JavaScript,929,14559
nodebestpractices,2017-09-15T08:33:19Z,2022-03-09T20:35:06Z,75739,718,0,JavaScript,29,262
vue-element-admin,2017-04-17T03:35:49Z,2022-03-14T17:43:46Z,74689,313,49,Vue,1055,2293
animate.css,2011-10-12T10:07:38Z,2022-03-14T19:02:35Z,73937,306,22,CSS,15,795
java-design-patterns,2014-08-09T16:45:18Z,2022-03-12T06:42:50Z,73712,842,0,Java,221,474
models,2016-02-05T01:15:20Z,2022-03-14T21:17:44Z,73019,2214,21,Python,1137,5671
PowerToys,2019-05-01T17:44:02Z,2022-03-14T17:59:59Z,70306,3089,57,C#,2370,11160
LeetCodeAnimation,2018-12-06T08:01:22Z,2022-03-06T09:10:42Z,69301,63,0,Java,13,42
storybook,2016-03-18T04:23:44Z,2022-03-14T19:42:26Z,69299,6329,973,TypeScript,1606,7176
laravel,2011-06-08T03:06:08Z,2022-03-10T15:55:05Z,69056,1406,100,PHP,0,0
Font-Awesome,2012-02-17T14:19:43Z,2022-03-07T20:40:13Z,68931,187,44,JavaScript,5478,12571
thefuck,2015-04-08T15:08:04Z,2022-03-03T15:24:17Z,67217,466,17,Python,194,434
tech-interview-handbook,2016-07-05T05:00:48Z,2022-03-14T05:43:05Z,67214,168,0,JavaScript,8,38
clean-code-javascript,2016-11-25T22:25:41Z,2022-03-02T07:21:21Z,65133,146,0,JavaScript,40,78
realworld,2016-02-26T20:49:53Z,2022-03-07T16:16:35Z,64489,218,0,Shell,49,438
rust,2010-06-16T20:39:03Z,2022-03-14T21:51:26Z,64328,38995,96,Rust,7875,34986
awesome-vue,2015-10-20T00:16:14Z,2022-03-12T03:41:46Z,64301,3276,0,None,25,179
project-based-learning,2017-04-12T05:07:46Z,2022-03-12T04:46:02Z,64223,174,0,None,13,38
django,2012-04-28T02:47:18Z,2022-03-14T19:30:15Z,62881,7249,0,Python,0,0
the-book-of-secret-knowledge,2018-06-23T10:43:14Z,2022-02-28T20:34:27Z,62531,122,0,None,0,0
scrcpy,2017-11-21T18:00:27Z,2022-03-14T20:51:22Z,62512,52,27,C,925,1863
FiraCode,2014-11-11T19:32:38Z,2022-03-11T21:01:32Z,62504,117,29,Clojure,302,868
bitcoin,2010-12-19T15:16:43Z,2022-03-14T17:55:18Z,62439,11391,36,C++,609,6167
moby,2013-01-18T18:10:57Z,2022-03-14T20:29:17Z,62409,17149,102,Go,3960,17342
advanced-java,2018-10-06T11:38:30Z,2022-03-14T12:12:27Z,61661,64,1,Java,3,123
webpack,2012-03-10T10:08:14Z,2022-03-14T13:39:09Z,60653,4125,376,JavaScript,183,8717
opencv,2012-07-19T09:40:17Z,2022-03-14T13:17:39Z,60236,10426,57,C++,1970,6745
spring-boot,2012-10-19T15:02:57Z,2022-03-14T12:09:37Z,60062,41,125,Java,572,24246
json-server,2013-11-27T13:21:13Z,2022-02-17T08:28:25Z,60048,100,10,JavaScript,538,446
angular.js,2010-01-06T00:34:37Z,2022-03-10T00:00:35Z,59527,788,0,JavaScript,391,8647
transformers,2018-10-29T13:56:00Z,2022-03-14T21:43:04Z,59345,5834,88,Python,344,8499
swift,2015-10-23T21:15:07Z,2022-03-14T22:04:39Z,58953,36454,39,C++,0,0
elasticsearch,2010-02-08T13:20:56Z,2022-03-14T22:13:40Z,58852,47563,78,Java,3366,26016
reveal.js,2011-06-07T18:54:22Z,2022-03-14T13:20:09Z,58752,356,37,JavaScript,606,1491
Front-End-Checklist,2017-10-16T10:12:36Z,2022-02-09T14:58:09Z,58581,169,1,None,1,129
netdata,2013-06-17T18:39:10Z,2022-03-14T20:58:31Z,58445,5034,51,C,187,6377
flask,2010-04-06T11:11:59Z,2022-03-08T21:47:29Z,58286,1305,16,Python,14,2257
redux,2015-05-29T23:53:15Z,2022-03-14T15:15:38Z,57666,1501,66,TypeScript,40,1899
hugo,2013-07-04T15:26:26Z,2022-03-14T18:39:07Z,57627,1634,185,Go,583,5287
atom,2012-01-20T18:18:21Z,2022-03-10T02:20:35Z,57000,3923,538,JavaScript,807,16082
svelte,2016-11-20T18:13:05Z,2022-03-12T23:37:42Z,56638,2304,0,TypeScript,572,3680
mall,2018-04-04T01:11:44Z,2022-03-14T07:29:01Z,56613,0,1,Java,22,396
interviews,2017-02-14T18:19:25Z,2022-02-25T11:22:30Z,56495,42,0,Java,29,18
gin,2014-06-16T23:57:25Z,2022-03-14T22:09:15Z,56472,791,20,Go,395,1387
Chart.js,2013-03-17T23:56:36Z,2022-03-03T15:21:38Z,56398,2600,86,JavaScript,134,6217
express,2009-06-26T18:56:01Z,2022-03-14T16:57:40Z,56280,238,144,JavaScript,107,3568
nvm,2010-04-15T17:47:47Z,2022-03-09T22:20:32Z,56050,650,60,Shell,286,1434
jquery,2009-04-03T15:20:14Z,2022-03-14T17:33:15Z,55949,546,2,JavaScript,70,2094
architect-awesome,2018-04-06T13:30:58Z,2022-02-13T09:36:31Z,55636,49,0,None,46,19
socket.io,2010-03-11T18:24:48Z,2022-03-06T19:25:11Z,55398,407,47,TypeScript,92,3081
markdown-here,2012-05-13T03:27:22Z,2022-02-16T05:45:20Z,54631,20,11,JavaScript,283,307
keras,2015-03-28T00:35:42Z,2022-03-14T19:46:20Z,54617,2574,35,Python,248,10904
pytorch,2016-08-13T05:26:41Z,2022-03-14T22:17:47Z,54599,5050,39,C++,7746,17172
tailwindcss,2017-10-06T14:59:14Z,2022-03-14T02:08:02Z,54459,1325,191,JavaScript,14,2176
frp,2015-12-21T15:24:59Z,2022-03-11T23:52:02Z,54077,366,69,Go,88,2186
shadowsocks-windows,2013-01-14T07:54:16Z,2022-03-04T07:50:47Z,54015,278,55,C#,71,2686
redis,2009-03-21T22:32:25Z,2022-03-14T15:31:30Z,53920,2615,28,C,1611,3684
free-for-dev,2015-03-18T21:06:26Z,2022-03-14T14:47:29Z,53730,1781,0,HTML,0,0
awesome-machine-learning,2014-07-15T19:11:19Z,2022-03-10T10:13:48Z,53504,718,0,Python,1,72
papers-we-love,2013-12-15T14:31:41Z,2022-01-28T11:12:47Z,53449,396,0,Shell,27,123
protobuf,2014-08-26T15:52:15Z,2022-03-14T21:06:36Z,53403,3490,92,C++,933,3954
HelloGitHub,2016-05-04T06:24:11Z,2022-03-09T13:25:39Z,53093,14,16,Python,12,2044
Apollo-11,2014-04-03T15:45:02Z,2022-02-03T15:02:47Z,52594,302,0,Assembly,58,313
every-programmer-should-know,2017-08-24T13:18:26Z,2022-01-02T15:42:16Z,52560,86,0,None,17,17
gatsby,2015-05-21T22:43:05Z,2022-03-14T21:03:00Z,52549,16299,106,JavaScript,129,13193
lodash,2012-04-07T04:11:46Z,2022-03-13T03:41:30Z,52504,573,2,JavaScript,232,3742
Front-end-Developer-Interview-Questions,2012-02-09T23:34:10Z,2022-03-13T12:32:13Z,52502,402,0,Nunjucks,3,118
html5-boilerplate,2010-01-24T18:03:24Z,2022-03-14T07:01:09Z,52464,583,32,JavaScript,8,1246
ansible,2012-03-06T14:58:02Z,2022-03-14T21:41:21Z,52416,34777,3,Python,996,29190
code-server,2019-02-27T16:50:41Z,2022-03-14T22:23:00Z,52191,984,71,TypeScript,234,2564
nocode,2018-02-06T23:54:00Z,2022-02-22T19:57:04Z,51911,1,1,Dockerfile,3694,549
element,2016-09-03T06:19:26Z,2022-03-14T10:18:06Z,51767,3157,138,Vue,1987,14913
neovim,2014-01-31T13:39:22Z,2022-03-14T22:16:10Z,51600,6532,25,Vim script,1170,6581
resume.github.com,2011-02-06T13:39:55Z,2022-01-24T03:34:10Z,50928,84,0,JavaScript,37,56
core,2013-09-17T07:29:48Z,2022-03-14T22:07:53Z,50433,33987,897,Python,1338,26146
rails,2008-04-11T02:19:47Z,2022-03-14T22:24:05Z,50333,19390,71,Ruby,353,15076
echarts,2013-04-03T03:18:59Z,2022-03-14T12:49:18Z,50236,975,99,TypeScript,1995,13303
Semantic-UI,2013-04-08T23:32:04Z,2021-12-22T11:19:19Z,49913,351,153,JavaScript,941,5239
Awesome-Hacking,2016-03-30T15:47:10Z,2022-03-07T18:09:13Z,49871,25,0,None,0,0
scikit-learn,2010-08-17T09:43:38Z,2022-03-14T21:28:24Z,49332,8673,26,Python,1652,7586
app-ideas,2019-02-25T18:36:56Z,2022-02-01T23:07:23Z,48749,149,0,None,43,31
awesome-mac,2016-07-17T15:33:47Z,2022-03-07T00:44:45Z,48164,597,1,JavaScript,82,233
awesome-public-datasets,2014-11-20T06:20:50Z,2022-03-10T03:38:52Z,47766,188,0,None,51,46
33-js-concepts,2018-09-04T13:27:04Z,2022-01-29T15:05:00Z,47701,135,0,JavaScript,7,32
iptv,2018-11-14T22:00:57Z,2022-03-14T21:44:51Z,47639,3678,0,JavaScript,348,1849
grafana,2013-12-11T15:59:56Z,2022-03-14T22:15:51Z,47443,18495,273,TypeScript,2073,21423
awesome-react,2014-08-06T05:31:44Z,2022-03-10T21:45:30Z,47343,763,0,None,15,68
DeepLearning-500-questions,2018-06-27T06:36:45Z,2022-01-01T17:00:01Z,47293,302,0,JavaScript,97,80
godot,2014-01-04T16:05:36Z,2022-03-14T22:18:26Z,47057,20518,37,C++,5965,26503
requests,2011-02-13T18:38:17Z,2022-02-27T02:58:22Z,47054,1434,2,Python,166,3378
leetcode,2018-03-30T09:13:51Z,2022-03-07T15:29:05Z,47001,227,39,JavaScript,7,227
normalize.css,2011-05-04T10:20:25Z,2022-03-04T00:12:38Z,46933,56,0,CSS,39,447
ionic-framework,2013-08-20T23:06:02Z,2022-03-14T20:56:10Z,46533,3361,280,TypeScript,596,19171
spring-framework,2010-12-08T04:04:45Z,2022-03-14T19:28:11Z,46503,709,222,Java,1110,20620
moment,2011-03-01T02:46:06Z,2022-01-25T08:13:31Z,46323,709,0,JavaScript,150,3801
react-router,2014-05-16T22:22:51Z,2022-03-14T15:13:52Z,46304,1372,172,TypeScript,61,6260
Best-websites-a-programmer-should-visit,2017-03-05T20:25:17Z,2022-03-08T10:25:10Z,46160,340,0,None,19,57
RxJava,2013-01-08T20:11:48Z,2022-03-10T09:13:38Z,45837,3069,227,Java,9,3069
awesome-interview-questions,2015-11-28T09:48:17Z,2022-02-28T14:21:11Z,45403,175,0,None,1,28
nest,2017-02-04T20:12:52Z,2022-03-14T20:38:54Z,45305,3803,64,TypeScript,44,4010
material-design-icons,2014-10-08T18:01:28Z,2022-03-11T14:10:32Z,45271,35,16,None,207,880
mermaid,2014-11-01T23:52:32Z,2022-03-14T07:06:51Z,45225,912,84,JavaScript,611,1114
bulma,2016-01-23T23:48:34Z,2022-03-05T19:05:13Z,45223,582,16,CSS,216,2172
GitHub-Chinese-Top-Charts,2019-09-05T03:01:56Z,2022-03-12T00:01:51Z,45046,0,0,Java,75,144
Java,2016-07-16T10:21:02Z,2022-03-14T21:19:43Z,44956,730,0,Java,4,609
superset,2015-07-21T18:55:34Z,2022-03-14T22:14:37Z,44935,8406,69,TypeScript,921,6921
tesseract,2014-08-12T18:04:59Z,2022-03-12T10:22:29Z,44317,1261,21,C++,348,1936
jekyll,2008-10-20T06:29:03Z,2022-03-14T11:03:31Z,44271,2996,102,Ruby,89,4434
Web-Dev-For-Beginners,2020-11-10T02:44:00Z,2022-03-13T17:39:18Z,44035,319,0,JavaScript,3,179
awesome-nodejs,2014-07-11T13:35:34Z,2022-03-13T03:13:16Z,44033,387,0,None,0,95
guava,2014-05-29T16:23:17Z,2022-03-14T14:08:25Z,43898,357,35,Java,647,2689
strapi,2015-09-30T15:34:48Z,2022-03-14T18:03:51Z,43688,4435,217,JavaScript,541,5685
hacker-scripts,2015-11-21T19:05:09Z,2022-02-10T06:38:05Z,43564,62,0,JavaScript,34,37
syncthing,2013-11-26T09:48:21Z,2022-03-14T21:48:10Z,43496,2102,290,Go,294,4499
face_recognition,2017-03-03T21:52:39Z,2021-12-04T17:06:24Z,43452,87,2,Python,649,558
you-get,2012-08-20T15:53:36Z,2022-03-14T08:45:02Z,43362,548,114,Python,0,0
cpython,2017-02-10T19:23:51Z,2022-03-14T22:07:58Z,43326,25561,0,Python,0,0
scrapy,2010-02-22T02:01:14Z,2022-03-11T15:05:43Z,43047,1775,25,Python,500,2095
manim,2015-03-22T18:50:58Z,2022-03-08T03:54:42Z,42984,484,8,Python,318,625
fastapi,2018-12-08T08:21:47Z,2022-03-14T02:58:19Z,42945,809,119,Python,960,1784
meteor,2012-01-19T01:58:17Z,2022-03-14T19:46:02Z,42848,1556,0,JavaScript,113,8587
fzf,2013-10-23T16:04:23Z,2022-03-09T08:04:55Z,42609,307,14,Go,238,1854
serverless,2015-04-21T03:48:40Z,2022-03-14T20:31:41Z,42322,4129,323,JavaScript,851,4710
awesome-android-ui,2014-12-24T01:45:03Z,2022-03-12T11:46:35Z,42236,89,0,None,3,91
prettier,2016-11-29T17:13:37Z,2022-03-14T17:11:57Z,42128,5832,79,JavaScript,817,4576
javascript-questions,2019-06-12T08:26:27Z,2022-03-08T21:23:37Z,42069,278,0,None,61,128
big-list-of-naughty-strings,2015-08-08T20:57:20Z,2022-01-28T15:01:25Z,42046,90,0,Python,54,29
anime,2016-03-13T21:37:45Z,2022-03-11T02:32:41Z,41814,71,14,JavaScript,158,482
okhttp,2012-07-23T13:42:55Z,2022-03-14T22:00:12Z,41764,2811,0,Kotlin,122,3463
TensorFlow-Examples,2015-11-11T14:21:19Z,2022-01-04T00:43:14Z,41742,88,0,Jupyter Notebook,159,68
prometheus,2012-11-24T11:14:12Z,2022-03-14T21:51:23Z,41487,4475,212,Go,426,4041
git,2008-07-23T14:21:26Z,2022-03-14T21:39:43Z,41364,3,0,C,0,0
learn-regex,2017-07-22T12:21:03Z,2022-02-01T08:10:49Z,40785,124,0,None,46,33
kotlin,2012-02-13T17:29:58Z,2022-03-14T21:00:04Z,40605,1940,180,Kotlin,0,0
AdminLTE,2013-12-25T02:52:40Z,2022-03-14T03:13:36Z,40598,1033,72,JavaScript,39,2605
babel,2014-09-28T13:38:23Z,2022-03-14T19:09:28Z,40550,4630,294,TypeScript,638,7424
yarn,2016-01-19T17:39:16Z,2022-03-10T11:21:31Z,40527,1652,148,JavaScript,1808,4536
faceswap,2017-12-19T09:44:13Z,2022-01-15T02:17:43Z,40523,331,3,Python,22,710
parcel,2017-08-07T16:36:47Z,2022-03-14T20:20:20Z,40358,1882,14,JavaScript,684,3770
architecture-samples,2016-02-05T13:42:07Z,2022-03-10T11:14:20Z,40314,181,0,Kotlin,130,284
build-web-application-with-golang,2012-08-02T11:49:35Z,2022-02-02T03:40:36Z,39778,757,0,Go,108,181
awesome-flutter,2017-05-07T11:45:27Z,2022-03-09T14:13:12Z,39775,409,0,Dart,0,0
Ghost,2013-05-04T11:09:13Z,2022-03-14T08:22:55Z,39744,6272,500,JavaScript,33,6256
retrofit,2010-09-06T21:39:43Z,2022-03-02T14:00:30Z,39681,757,0,Java,134,2423
nuxt.js,2016-10-26T11:18:47Z,2022-03-07T10:12:18Z,39594,2340,150,JavaScript,472,6168
awesome-courses,2014-11-15T18:36:49Z,2022-02-11T14:37:30Z,39494,184,0,None,30,34
v2ray-core,2015-09-04T11:42:53Z,2022-03-14T03:27:21Z,39233,202,247,Go,18,2408
awesome-ios,2014-07-10T16:03:45Z,2022-02-22T16:52:11Z,39131,2152,0,Swift,2,444
etcd,2013-07-06T21:57:21Z,2022-03-14T13:58:46Z,39107,6624,209,Go,132,5573
awesome-for-beginners,2015-10-24T19:53:36Z,2022-03-10T07:36:04Z,39101,329,0,None,5,91
localstack,2016-10-25T23:48:03Z,2022-03-14T20:35:38Z,39078,2038,46,Python,356,3004
vite,2020-04-21T05:03:57Z,2022-03-14T20:54:17Z,39064,1634,61,TypeScript,633,2896
hoppscotch,2019-08-21T13:15:24Z,2022-03-14T19:14:26Z,38832,876,14,Vue,45,686
nw.js,2012-01-04T06:21:10Z,2022-03-13T21:23:41Z,38773,564,0,JavaScript,880,6133
materialize,2014-09-12T19:35:38Z,2022-03-01T16:08:21Z,38666,449,41,JavaScript,624,4582
gogs,2014-02-12T01:57:08Z,2022-03-14T15:54:35Z,38659,1300,64,Go,758,4070
github-readme-stats,2020-07-09T10:34:22Z,2022-03-14T16:53:00Z,38592,349,0,JavaScript,75,577
julia,2011-04-21T07:01:50Z,2022-03-14T22:05:54Z,38528,18494,116,Julia,3232,17885
git-flight-rules,2014-07-22T20:35:09Z,2022-01-06T22:10:55Z,38398,208,0,None,14,52
jest,2013-12-10T00:18:04Z,2022-03-14T17:59:45Z,38271,4486,155,TypeScript,1436,5282
x64dbg,2015-04-11T20:48:23Z,2022-03-14T12:00:11Z,38208,558,3,C++,489,1619
dayjs,2018-04-10T09:26:44Z,2022-03-14T21:29:36Z,38177,595,106,JavaScript,375,655
DefinitelyTyped,2012-10-05T16:39:45Z,2022-03-14T21:39:16Z,38134,42453,1,TypeScript,553,7099
Projects,2013-07-04T13:37:27Z,2022-02-15T08:49:54Z,38072,19,0,None,34,32
hyper,2016-07-01T06:01:21Z,2022-03-14T19:26:11Z,38033,2348,75,TypeScript,748,2719
alacritty,2016-02-18T05:02:30Z,2022-03-14T09:48:25Z,37969,1402,71,Rust,292,3816
pdf.js,2011-04-26T06:32:03Z,2022-03-14T13:47:12Z,37843,5531,41,JavaScript,336,7784
caddy,2015-01-13T19:45:03Z,2022-03-13T06:38:13Z,37738,1310,92,Go,81,2811
vue2-elm,2016-12-23T01:49:20Z,2022-02-25T12:26:42Z,37641,20,0,Vue,92,485
awesome-scalability,2017-12-27T03:46:40Z,2022-03-10T02:43:05Z,37624,25,0,None,0,0
tldr,2013-12-08T07:34:43Z,2022-03-14T17:25:22Z,37613,6154,2,Markdown,156,733
SecLists,2012-02-19T01:30:18Z,2022-03-03T16:35:09Z,37508,410,15,PHP,21,156
awesome-wechat-weapp,2016-09-22T20:04:48Z,2022-03-11T14:20:35Z,37392,265,0,None,0,0
cypress,2015-03-04T00:46:28Z,2022-03-14T22:10:08Z,37320,3678,262,JavaScript,2097,7493
Alamofire,2014-07-31T05:56:19Z,2022-03-13T20:21:52Z,37244,535,88,Swift,29,2578
traefik,2015-09-13T19:04:02Z,2022-03-14T14:22:12Z,37201,3345,355,Go,598,4257
funNLP,2018-08-21T11:20:39Z,2021-08-20T05:49:28Z,37138,9,0,Python,16,29
design-resources-for-developers,2020-05-06T14:40:35Z,2022-03-10T10:11:21Z,37098,752,0,None,0,68
dubbo,2012-06-19T07:56:02Z,2022-03-14T10:45:57Z,36941,3098,46,Java,356,4688
obs-studio,2013-10-01T02:40:31Z,2022-03-14T18:27:10Z,36834,2466,155,C,488,1515
impress.js,2011-12-28T22:23:19Z,2022-03-06T10:54:09Z,36621,103,14,JavaScript,50,400
pm2,2013-05-21T03:25:25Z,2022-02-24T13:09:07Z,36617,529,118,JavaScript,548,3944
freecodecamp.cn,2016-09-30T03:13:43Z,2021-08-02T08:34:49Z,36543,55,0,CSS,141,444
algorithm-visualizer,2016-05-15T00:27:45Z,2022-02-27T22:47:02Z,36461,181,0,JavaScript,19,65
imgui,2014-07-21T14:29:47Z,2022-03-14T06:14:52Z,36414,280,78,C++,605,3257
awesome-cpp,2014-07-17T08:51:11Z,2022-03-05T00:39:14Z,36270,478,0,None,343,164
uni-app,2018-07-12T08:52:39Z,2022-03-14T15:36:43Z,36172,195,0,JavaScript,905,2107
styled-components,2016-08-16T06:41:32Z,2022-02-24T13:43:53Z,36159,835,114,TypeScript,76,2440
go-ethereum,2013-12-26T13:05:46Z,2022-03-14T21:43:29Z,36034,5149,155,Go,213,6035
rich,2019-11-10T15:28:09Z,2022-03-14T18:02:39Z,35870,494,129,Python,24,685
pixijs,2013-01-21T22:40:50Z,2022-03-14T21:38:11Z,35758,2293,147,TypeScript,98,4645
PayloadsAllTheThings,2016-10-18T07:29:07Z,2022-03-12T17:31:40Z,35667,339,1,Python,0,0
100-Days-Of-ML-Code,2018-07-05T09:11:43Z,2022-02-28T15:27:28Z,35586,6,0,None,0,0
pi-hole,2014-06-08T15:02:55Z,2022-03-14T18:55:12Z,35387,1372,75,Shell,27,2443
playwright,2019-11-15T18:32:42Z,2022-03-14T22:11:21Z,35309,6912,63,TypeScript,412,4221
chinese-poetry,2016-09-02T03:32:25Z,2022-02-07T03:34:23Z,35299,103,1,JavaScript,73,80
discourse,2013-01-12T00:25:55Z,2022-03-14T22:23:40Z,35201,13681,0,Ruby,0,0
edex-ui,2017-01-28T09:35:02Z,2021-10-19T22:38:47Z,35078,399,29,JavaScript,6,553
huginn,2013-03-10T06:00:31Z,2022-02-25T13:54:59Z,35071,915,0,Ruby,521,1400
MPAndroidChart,2014-04-25T14:29:47Z,2022-03-04T05:27:35Z,34773,190,44,Java,1926,2843
tauri,2019-07-13T09:09:37Z,2022-03-14T13:59:07Z,34770,2011,256,Rust,145,954
node-v0.x-archive,2009-05-27T16:29:46Z,2018-04-04T08:28:02Z,34751,218,0,None,535,5845
hexo,2012-09-23T15:17:08Z,2022-03-11T12:03:04Z,34329,763,104,JavaScript,73,3696
fastlane,2014-12-02T17:00:38Z,2022-03-11T19:41:02Z,34243,5853,515,Ruby,126,11841
mkcert,2018-06-25T05:33:03Z,2022-02-20T19:58:21Z,34128,49,13,Go,84,202
github-cheat-sheet,2014-04-12T16:38:42Z,2021-11-28T22:08:12Z,33957,129,0,None,7,41
nerd-fonts,2014-12-05T04:31:17Z,2022-03-11T14:10:21Z,33952,171,21,CSS,227,325
Real-Time-Voice-Cloning,2019-05-26T08:56:15Z,2022-03-13T12:50:45Z,33903,48,0,Python,38,818
slate,2013-09-13T22:15:24Z,2022-03-08T12:22:41Z,33797,270,26,SCSS,34,546
vuetify,2016-09-12T00:39:35Z,2022-03-14T18:33:51Z,33706,2863,420,TypeScript,980,9599
brackets,2011-12-07T21:14:40Z,2021-09-06T15:56:26Z,33676,4333,69,JavaScript,2620,7067
grpc,2014-12-08T18:58:53Z,2022-03-14T22:19:36Z,33631,15075,190,C++,815,9250
openpilot,2016-11-24T01:33:30Z,2022-03-14T22:21:20Z,33582,3964,44,Python,110,1364
PythonDataScienceHandbook,2016-08-10T14:24:36Z,2022-03-11T23:14:37Z,33520,28,0,Jupyter Notebook,87,65
interview_internal_reference,2019-06-10T06:54:19Z,2021-08-25T13:19:16Z,33502,35,0,Python,26,18
php-src,2011-06-16T01:52:25Z,2022-03-14T19:14:01Z,33457,958,0,C,78,178
CppCoreGuidelines,2015-08-19T20:22:52Z,2022-03-09T18:43:31Z,33444,713,4,Python,190,780
front-end-interview-handbook,2018-01-13T19:40:08Z,2022-03-09T07:50:59Z,33338,210,0,JavaScript,14,61
Leaflet,2010-09-22T16:57:44Z,2022-03-14T20:40:24Z,33328,2364,23,JavaScript,384,4335
what-happens-when,2013-11-07T04:30:06Z,2022-02-08T21:00:31Z,33326,108,0,None,92,19
frontend-dev-bookmarks,2013-06-22T13:23:55Z,2021-12-13T11:04:52Z,33315,129,1,None,17,79
fullPage.js,2013-09-20T11:58:29Z,2021-12-13T10:29:48Z,33305,268,70,JavaScript,192,3632
AFNetworking,2011-05-31T21:28:44Z,2022-01-13T07:48:35Z,33301,709,40,Objective-C,65,3059
shadowsocks,2012-04-20T13:10:49Z,2022-02-02T12:02:28Z,33157,70,2,Python,0,0
cs-video-courses,2016-10-21T17:02:11Z,2022-03-07T17:59:48Z,33125,95,0,None,3,54
new-pac,2016-03-23T08:43:36Z,2022-03-14T02:14:25Z,33043,0,0,None,291,891
pandas,2010-08-24T01:37:33Z,2022-03-14T21:40:58Z,33032,18653,84,Python,3303,18876
design-patterns-for-humans,2017-02-16T21:24:39Z,2022-03-11T13:45:10Z,32973,47,0,None,8,44
bat,2018-04-21T10:52:23Z,2022-03-11T20:42:25Z,32955,945,35,Rust,125,898
video.js,2010-05-14T18:45:10Z,2022-03-14T21:24:46Z,32937,1479,262,JavaScript,392,4313
trackerslist,2016-04-24T11:57:57Z,2022-03-13T23:09:54Z,32878,1,0,None,4,311
ailearning,2017-02-25T08:53:02Z,2022-02-08T16:25:59Z,32819,467,2,Python,2,100
hackathon-starter,2013-11-13T17:24:12Z,2022-03-03T22:35:25Z,32569,301,13,JavaScript,24,583
lottie-android,2016-10-06T22:42:42Z,2022-03-11T17:21:53Z,32527,533,41,Java,17,1388
gulp,2013-07-04T05:26:06Z,2022-01-19T12:51:27Z,32474,395,22,JavaScript,26,1837
Ventoy,2020-03-10T15:19:19Z,2022-03-11T13:43:09Z,32447,92,69,C,262,914
koa,2013-07-20T18:53:45Z,2022-03-09T12:59:09Z,32385,438,0,JavaScript,33,826
shadowsocks-android,2012-12-16T13:40:29Z,2022-02-22T03:33:18Z,32373,241,180,Kotlin,29,2343
glide,2013-07-08T22:52:33Z,2022-03-14T21:56:20Z,32334,382,38,Java,330,3752
caffe,2013-09-12T18:39:48Z,2021-11-29T00:37:53Z,32323,1087,14,C++,889,3882
deeplearningbook-chinese,2016-12-07T11:46:51Z,2019-12-03T04:25:44Z,32281,16,7,TeX,59,136
spark,2014-02-25T08:00:08Z,2022-03-14T20:00:44Z,32279,5,0,Scala,0,0
react,2018-06-02T04:08:16Z,2022-03-09T15:23:02Z,32276,257,0,JavaScript,3,158
PowerShell,2016-01-13T23:41:35Z,2022-03-14T21:44:17Z,32229,5271,108,C#,3128,6798
quill,2012-07-30T23:23:18Z,2022-03-03T03:06:28Z,32167,217,82,JavaScript,1114,1884
minio,2015-01-14T19:23:58Z,2022-03-14T21:40:36Z,32106,7039,305,Go,12,5821
material-design-lite,2015-01-14T22:01:33Z,2022-02-11T18:22:56Z,31987,655,14,HTML,362,1802
lerna,2015-12-04T09:36:55Z,2022-03-14T22:04:51Z,31983,581,169,JavaScript,705,1488
Deep-Learning-Papers-Reading-Roadmap,2016-10-14T11:49:48Z,2022-02-07T08:21:30Z,31901,28,0,Python,43,4
clipboard.js,2015-09-18T23:04:55Z,2022-03-06T13:54:01Z,31900,105,41,JavaScript,3,587
Rocket.Chat,2015-05-19T07:36:09Z,2022-03-14T21:57:28Z,31890,8018,623,JavaScript,2584,11422
immutable-js,2014-07-02T06:02:29Z,2022-03-01T08:14:40Z,31833,440,61,TypeScript,92,1112
rclone,2014-03-16T16:19:57Z,2022-03-14T16:43:05Z,31785,1204,81,Go,669,3668
ghidra,2019-03-01T03:27:48Z,2022-03-14T19:41:11Z,31706,252,19,Java,1134,1869
DeepFaceLab,2018-06-04T13:10:00Z,2022-03-03T17:35:27Z,31663,32,2,Python,400,726
terraform,2014-03-13T22:25:48Z,2022-03-14T20:01:28Z,31607,9841,199,Go,1446,16852
ant-design-pro,2017-08-25T10:40:44Z,2022-02-24T06:39:00Z,31582,874,25,TypeScript,147,8036
awesome-java,2014-07-09T10:12:43Z,2022-03-14T17:44:26Z,31570,606,0,None,2,109
wrk,2012-03-20T11:12:28Z,2022-02-03T09:56:56Z,31497,0,0,C,112,252
kong,2014-11-17T23:56:08Z,2022-03-14T12:32:33Z,31439,2940,115,Lua,243,3580
phaser,2013-04-12T12:27:51Z,2022-03-12T01:50:01Z,31410,1464,120,JavaScript,145,3706
docusaurus,2017-06-20T16:13:53Z,2022-03-14T16:40:21Z,31398,3807,113,TypeScript,150,1955
brew,2016-03-06T05:08:38Z,2022-03-14T20:33:41Z,31344,7711,243,Ruby,20,3428
preact,2015-09-11T02:40:18Z,2022-03-14T22:00:23Z,31312,1267,158,JavaScript,145,1334
awesome-react-native,2015-03-26T19:58:06Z,2022-03-06T10:01:33Z,31110,912,0,JavaScript,30,34
XX-Net,2015-01-15T09:35:51Z,2022-03-14T05:38:42Z,31091,359,318,Python,7775,5183
jQuery-File-Upload,2010-12-01T15:35:32Z,2021-09-30T11:44:03Z,31084,119,0,PHP,49,3258
og-aws,2016-07-13T17:30:16Z,2022-02-17T20:23:21Z,30955,492,0,Shell,132,86
esbuild,2016-06-14T16:08:50Z,2022-03-14T21:23:15Z,30931,167,158,Go,217,1585
python-patterns,2012-06-06T21:02:35Z,2022-02-19T17:46:59Z,30896,254,0,Python,11,65
android-open-project,2014-01-05T15:20:15Z,2020-10-17T08:16:20Z,30873,201,0,None,12,68
tidb,2015-09-06T04:01:52Z,2022-03-14T22:08:17Z,30684,18430,144,Go,2342,8613
d2l-zh,2017-08-23T04:40:24Z,2022-03-10T09:05:47Z,30655,922,14,Python,0,0
pure-bash-bible,2018-06-13T01:39:33Z,2022-03-14T16:40:40Z,30647,28,0,Shell,33,30
bert,2018-10-25T22:57:34Z,2022-02-26T05:40:25Z,30646,32,0,Python,752,343
taro,2018-04-08T09:32:26Z,2022-03-14T13:09:49Z,30636,2025,114,TypeScript,812,7556
12306,2017-05-17T12:23:40Z,2022-02-10T00:14:03Z,30576,31,1,Python,209,465
AndroidUtilCode,2016-07-30T18:18:32Z,2021-12-11T04:02:25Z,30517,79,116,Java,158,1248
Motrix,2018-12-18T11:45:05Z,2022-03-02T02:31:22Z,30502,144,14,JavaScript,479,476
dive,2018-05-13T15:44:01Z,2022-03-12T22:50:10Z,30457,115,24,Go,105,143
swiper,2012-03-14T19:11:45Z,2022-03-13T15:22:51Z,30416,478,15,JavaScript,162,4142
kubernetes-the-hard-way,2016-07-07T14:15:27Z,2022-03-13T07:38:08Z,30389,69,0,None,67,287
sentry,2010-08-30T22:06:41Z,2022-03-14T22:12:50Z,30334,24675,86,Python,325,4551
tabby,2016-12-23T09:06:10Z,2022-03-14T15:24:39Z,30328,1182,153,TypeScript,814,2200
gold-miner,2015-11-04T03:29:13Z,2022-03-14T01:18:37Z,30270,3457,0,None,24,5400
ShadowsocksX-NG,2016-06-10T11:49:00Z,2022-03-06T05:44:10Z,30211,60,26,Swift,247,1025
marktext,2017-11-12T16:05:25Z,2022-03-12T15:39:03Z,30167,923,36,JavaScript,613,1488
project-layout,2017-09-09T16:33:26Z,2022-03-06T20:34:19Z,30166,45,0,Makefile,51,26
ijkplayer,2013-06-03T04:12:04Z,2022-01-22T10:06:28Z,30106,35,0,C,2659,2491
styleguide,2015-05-20T19:18:59Z,2022-02-18T18:44:57Z,30095,134,0,HTML,180,107
hello-algorithm,2020-05-29T05:47:09Z,2022-02-14T02:51:32Z,30084,24,0,Java,4,32
nativefier,2015-07-05T05:56:42Z,2022-03-11T09:26:36Z,30034,227,83,TypeScript,182,890
sherlock,2018-12-24T14:30:48Z,2022-03-11T12:17:39Z,29965,388,0,Python,71,523
formik,2017-06-14T19:50:59Z,2022-03-13T20:50:36Z,29904,743,170,TypeScript,567,1479
carbon,2017-06-16T02:50:28Z,2022-03-13T07:08:28Z,29865,615,210,JavaScript,17,567
JavaFamily,2019-11-12T04:26:18Z,2022-03-01T14:06:38Z,29845,2,0,None,0,58
ripgrep,2016-03-11T02:02:33Z,2022-03-02T06:39:28Z,29818,418,66,Rust,108,1208
tutorials,2013-04-29T18:26:36Z,2022-03-14T20:47:15Z,29804,8148,0,Java,29,536
istio,2016-11-18T23:57:21Z,2022-03-14T22:17:40Z,29749,17290,241,Go,571,14808
open-source-mac-os-apps,2017-11-03T02:35:33Z,2022-02-18T19:30:31Z,29749,481,0,Swift,33,131
MadeWithML,2018-11-05T03:44:27Z,2022-02-07T16:28:00Z,29721,140,0,Jupyter Notebook,0,32
zx,2021-05-05T05:50:01Z,2022-03-14T22:01:42Z,29655,52,33,JavaScript,6,193
open-source-ios-apps,2015-01-26T23:32:34Z,2022-03-14T20:51:24Z,29619,688,36,Swift,0,232
supabase,2019-10-12T05:56:49Z,2022-03-14T22:17:08Z,29561,1381,18,TypeScript,202,861
iina,2016-12-19T07:18:45Z,2022-03-09T11:53:01Z,29453,387,38,Swift,1248,1688
ML-For-Beginners,2021-03-03T01:34:05Z,2022-03-12T06:09:05Z,29427,306,0,Jupyter Notebook,3,120
jadx,2013-03-18T17:08:21Z,2022-03-14T19:19:00Z,29382,310,18,Java,203,832
uBlock,2015-04-01T17:51:11Z,2022-03-14T16:09:17Z,29361,196,236,JavaScript,35,3416
sheetjs,2012-12-03T19:25:52Z,2022-03-14T07:36:06Z,29339,99,0,JavaScript,101,2125
zxing,2011-10-12T14:07:27Z,2022-03-13T14:40:09Z,29276,197,27,Java,6,1138
955.WLB,2019-03-27T23:53:37Z,2022-02-19T06:01:25Z,29259,16,0,None,162,68
awesome-react-components,2016-06-24T15:19:33Z,2022-02-19T17:50:23Z,29249,246,0,None,1,40
foundation-sites,2011-10-13T23:05:42Z,2022-03-07T14:57:29Z,29236,2937,75,HTML,30,8099
HEAD,2016-04-20T20:05:37Z,2022-03-02T09:07:40Z,29103,86,0,None,12,73
vue-cli,2015-12-26T23:11:20Z,2022-03-14T02:09:47Z,29079,1248,166,JavaScript,793,4417
json,2013-07-04T08:47:49Z,2022-03-14T15:49:23Z,29028,520,40,C++,30,1938
the-way-to-go_ZH_CN,2013-03-24T17:18:38Z,2022-03-08T11:53:55Z,29023,572,0,Go,0,0
es6features,2014-03-03T18:29:30Z,2021-01-14T16:31:26Z,28865,41,0,None,19,36
gitea,2016-11-01T02:13:26Z,2022-03-14T22:18:01Z,28839,9010,140,Go,1822,6880
phantomjs,2010-12-27T08:18:58Z,2021-10-14T15:00:58Z,28768,562,0,C++,15,4721
certbot,2014-11-12T02:52:20Z,2022-03-14T18:29:39Z,28760,3419,27,Python,525,4443
netty,2010-11-09T09:22:21Z,2022-03-14T14:57:25Z,28719,2401,0,Java,466,5281
leveldb,2014-08-27T21:17:52Z,2022-03-12T09:33:56Z,28644,56,21,C++,150,511
awesome-awesomeness,2014-07-08T05:44:19Z,2022-01-08T02:34:05Z,28640,195,0,Ruby,12,49
arthas,2018-08-29T17:15:57Z,2022-03-14T16:55:03Z,28631,383,39,Java,172,1294
joplin,2017-01-16T21:49:41Z,2022-03-14T18:06:48Z,28624,1294,255,TypeScript,314,4088
FFmpeg,2011-04-14T14:12:38Z,2022-03-14T22:15:14Z,28602,16,11,C,0,0
monaco-editor,2016-06-07T16:56:31Z,2022-03-14T13:36:19Z,28500,152,0,JavaScript,613,2112
react-use,2018-10-27T10:16:05Z,2022-03-01T01:20:56Z,28466,1465,247,TypeScript,257,210
COVID-19,2020-02-04T22:03:53Z,2022-03-14T21:36:13Z,28454,1424,0,None,1583,1881
cheat.sh,2017-05-07T21:40:56Z,2022-03-13T12:27:58Z,28435,121,0,Python,91,103
wtfpython,2017-08-28T20:22:19Z,2022-01-17T18:30:02Z,28372,89,2,Python,45,112
react-boilerplate,2015-02-18T14:36:32Z,2022-03-08T08:35:26Z,28349,715,16,JavaScript,57,1813
date-fns,2014-10-06T10:24:22Z,2022-03-13T23:15:27Z,28264,995,101,TypeScript,289,1081
core,2018-06-12T13:49:36Z,2022-03-12T12:24:56Z,28263,1659,116,TypeScript,335,2397
drawio,2016-09-06T12:59:15Z,2022-03-11T12:27:14Z,28232,31,646,JavaScript,235,2072
python-cheatsheet,2018-01-25T04:16:53Z,2022-03-12T11:00:24Z,28224,13,0,Python,7,35
HowToCook,2020-02-29T10:43:49Z,2022-03-14T16:30:01Z,28218,261,0,JavaScript,206,131
jeecg-boot,2018-11-26T10:40:00Z,2022-03-14T14:22:19Z,28212,12,17,Java,17,2920
shellcheck,2012-11-17T03:15:11Z,2022-02-16T08:04:50Z,28117,247,27,Haskell,740,1397
jieba,2012-09-29T07:52:01Z,2021-07-25T14:17:48Z,28055,96,9,Python,586,209
devdocs,2013-10-24T18:16:07Z,2022-03-14T16:58:22Z,27937,416,0,Ruby,97,881
beego,2012-02-29T02:32:08Z,2022-03-12T10:49:01Z,27871,1094,12,Go,17,3110
backbone,2010-09-30T19:41:28Z,2022-02-26T00:36:18Z,27853,857,0,JavaScript,44,2350
hiring-without-whiteboards,2017-03-15T05:09:01Z,2022-03-11T17:06:39Z,27781,1065,0,JavaScript,0,0
metabase,2015-02-02T19:25:47Z,2022-03-14T22:02:12Z,27767,8986,254,Clojure,2074,8537
todomvc,2011-06-03T19:56:33Z,2022-03-05T00:39:42Z,27718,719,5,JavaScript,128,628
programmer-job-blacklist,2016-06-25T06:09:10Z,2021-08-10T06:32:44Z,27704,16,0,Shell,145,178
android_guides,2013-06-19T10:24:45Z,2021-07-31T18:20:52Z,27695,10,0,None,155,216
cli,2019-10-03T15:24:53Z,2022-03-14T22:24:02Z,27574,1220,89,Go,345,2176
dotfiles,2011-09-05T18:07:54Z,2022-03-10T22:23:07Z,27552,44,0,Shell,132,238
excalidraw,2020-01-02T01:04:43Z,2022-03-14T20:20:16Z,27550,2408,3,TypeScript,498,1260
aspnetcore,2014-03-11T06:09:42Z,2022-03-14T22:23:54Z,27531,10468,139,C#,2278,22920
typeorm,2016-02-29T07:41:14Z,2022-03-14T19:16:01Z,27504,1573,11,TypeScript,1453,5115
async,2010-06-01T21:01:30Z,2022-03-01T15:06:35Z,27480,453,7,JavaScript,5,1092
awesome-cheatsheets,2017-11-09T02:47:15Z,2022-03-14T16:40:00Z,27438,149,0,JavaScript,15,39
vuex,2015-07-16T04:21:26Z,2022-03-11T05:44:38Z,27413,651,51,JavaScript,83,1131
500lines,2013-11-04T02:02:53Z,2021-04-01T12:44:38Z,27399,175,0,JavaScript,29,39
slick,2014-03-24T02:10:05Z,2021-11-30T04:27:03Z,27385,235,48,JavaScript,1130,2358
legacy-homebrew,2009-05-20T19:38:37Z,2021-10-08T15:09:55Z,27337,222,0,None,0,17034
leakcanary,2015-04-29T23:54:16Z,2022-03-06T12:37:55Z,27307,780,29,Kotlin,88,1302
drawio-desktop,2017-05-25T20:58:42Z,2022-03-03T10:12:53Z,27297,16,85,Shell,100,710
spring-boot-examples,2016-11-05T05:32:33Z,2022-02-09T22:06:21Z,27213,7,0,Java,8,97
v,2019-02-08T02:57:06Z,2022-03-14T19:27:56Z,27183,6597,91,V,709,4788
gorm,2013-10-25T08:31:38Z,2022-03-14T14:19:19Z,27166,494,2,Go,60,4195
marked,2011-07-24T13:15:51Z,2022-03-14T15:12:42Z,27151,766,68,JavaScript,48,1177
awesome-javascript,2014-07-01T15:59:02Z,2022-03-12T22:42:08Z,27089,342,0,None,2,75
p3c,2017-06-23T06:15:51Z,2022-03-10T07:02:10Z,27045,62,0,Kotlin,75,682
mastodon,2016-02-22T15:01:25Z,2022-03-14T20:08:35Z,26948,9514,161,Ruby,2006,4481
gym,2016-04-27T14:59:16Z,2022-03-14T19:42:25Z,26903,798,11,Python,96,1418
clash_for_windows_pkg,2018-10-18T22:59:10Z,2022-03-11T03:39:54Z,26880,2,157,None,101,2419
vim-plug,2013-09-10T14:58:51Z,2022-02-06T19:22:39Z,26763,161,5,Vim script,77,832
standard,2015-01-27T01:23:31Z,2022-03-14T12:06:37Z,26762,384,3,JavaScript,75,1100
react-hook-form,2019-03-05T23:47:10Z,2022-03-14T00:57:58Z,26635,1574,457,TypeScript,0,3016
rxjs,2015-03-15T06:17:10Z,2022-03-14T19:59:56Z,26630,2399,0,TypeScript,194,2808
metasploit-framework,2011-08-30T06:13:20Z,2022-03-14T22:19:16Z,26627,9031,0,Ruby,476,4540
JCSprout,2017-12-17T09:06:50Z,2022-02-08T09:04:39Z,26618,69,0,Java,30,59
symfony,2010-01-04T14:21:21Z,2022-03-14T18:19:39Z,26605,18200,353,PHP,532,16612
v2rayN,2019-07-30T03:47:24Z,2022-03-14T15:48:56Z,26592,43,92,C#,20,1852
vimrc,2012-05-29T16:19:29Z,2022-02-06T22:10:31Z,26568,89,0,Vim script,25,453
framework,2013-01-10T21:27:28Z,2022-03-14T19:53:05Z,26503,12133,492,PHP,5,15808
vim,2015-08-18T21:03:56Z,2022-03-14T20:46:48Z,26468,3,0,Vim script,1094,4946
project-guidelines,2017-06-30T10:17:55Z,2022-02-07T15:31:37Z,26468,110,0,JavaScript,9,28
react-beautiful-dnd,2017-08-09T03:37:15Z,2022-03-14T21:11:26Z,26467,521,67,JavaScript,447,998
apollo,2016-03-04T10:24:23Z,2022-03-14T13:20:50Z,26437,1154,34,Java,116,2613
pyenv,2012-08-31T06:57:52Z,2022-03-12T04:24:49Z,26417,624,54,Roff,38,1371
lottie-web,2015-02-20T21:02:59Z,2022-03-08T21:56:14Z,26403,97,0,JavaScript,782,1776
Faker,2011-10-14T22:49:02Z,2021-12-10T09:58:56Z,26393,824,12,PHP,76,494
underscore,2009-10-25T18:31:06Z,2021-12-20T14:28:37Z,26359,730,0,JavaScript,32,1367
awesome-php,2013-11-26T03:14:19Z,2022-03-06T04:02:03Z,26313,379,0,None,2,118
composer,2011-06-08T08:53:00Z,2022-03-14T20:55:13Z,26309,2431,138,PHP,170,6791
mitmproxy,2010-02-16T04:10:13Z,2022-03-08T16:44:24Z,26225,1809,43,Python,255,2515
powerlevel10k,2019-02-24T19:09:45Z,2022-02-28T09:31:01Z,26207,103,29,Shell,16,1628
lazygit,2018-05-19T00:53:06Z,2022-03-14T07:08:33Z,26190,668,134,Go,286,669
Blog,2017-03-13T10:04:33Z,2022-03-11T08:03:44Z,26172,3,0,None,174,94
react-query,2019-09-10T19:23:58Z,2022-03-13T21:28:38Z,26147,829,325,TypeScript,19,856
weui,2014-12-18T04:09:54Z,2022-03-03T06:41:09Z,26146,178,28,HTML,41,604
graphql-engine,2018-06-18T07:57:36Z,2022-03-14T18:57:43Z,26124,2104,121,Haskell,1599,3092
swift-algorithm-club,2016-01-26T17:56:12Z,2022-03-12T10:10:19Z,26073,608,0,Swift,26,180
hangzhou_house_knowledge,2018-02-24T01:54:18Z,2022-02-28T10:57:30Z,26060,6,0,CSS,0,0
webtorrent,2013-10-15T08:16:40Z,2022-03-14T08:35:40Z,26056,548,54,JavaScript,98,1393
black,2018-03-14T19:54:45Z,2022-03-14T17:00:12Z,26023,872,19,Python,302,1557
postcss,2013-09-24T23:06:48Z,2022-03-13T03:38:37Z,25975,672,220,TypeScript,12,847
Hover,2014-01-02T14:27:35Z,2021-09-07T17:51:17Z,25894,22,10,CSS,20,82
husky,2014-06-23T12:14:21Z,2022-03-14T20:44:50Z,25845,180,56,JavaScript,11,803
sequelize,2010-07-22T07:11:11Z,2022-03-14T21:30:03Z,25838,3097,395,JavaScript,787,8839
aria2,2010-11-27T09:41:48Z,2022-03-05T18:18:33Z,25778,195,23,C++,854,734
layui,2015-09-22T08:12:03Z,2021-10-26T11:51:43Z,25776,32,48,JavaScript,633,125
machine-learning-for-software-engineers,2016-10-09T21:20:25Z,2021-08-20T22:12:20Z,25732,57,0,None,16,3
acme.sh,2015-12-26T12:56:33Z,2022-03-14T15:02:08Z,25713,1088,35,Shell,703,1622
tesseract.js,2015-06-24T02:49:52Z,2022-02-11T21:39:46Z,25713,83,33,JavaScript,105,373
butterknife,2013-03-05T08:18:59Z,2022-03-08T16:26:04Z,25710,346,0,Java,95,1074
libpku,2018-11-22T13:33:06Z,2022-01-05T04:09:27Z,25677,22,0,TeX,6,30
wtfjs,2017-07-14T15:42:12Z,2022-03-14T18:02:34Z,25667,83,17,JavaScript,5,85
zju-icicles,2016-06-28T16:17:32Z,2022-03-04T15:19:31Z,25648,135,0,HTML,6,40
awesome-macos-command-line,2015-09-22T19:37:55Z,2021-09-02T13:26:37Z,25634,104,0,None,0,0
gitflow,2010-01-20T23:14:12Z,2022-03-10T01:04:04Z,25630,36,0,Shell,227,123
cobra,2013-09-03T20:40:26Z,2022-03-14T11:05:53Z,25606,418,16,Go,175,680
html2canvas,2011-07-16T01:05:58Z,2022-03-09T15:25:55Z,25582,186,45,TypeScript,716,1620
particles.js,2014-09-06T14:29:47Z,2021-05-09T16:10:25Z,25521,21,6,JavaScript,288,90
request,2011-01-23T01:25:14Z,2022-02-15T21:50:58Z,25425,650,0,JavaScript,88,2130
googletest,2015-07-28T15:07:53Z,2022-03-14T15:01:17Z,25378,711,3,C++,180,1708
tabler,2018-02-01T09:08:59Z,2022-03-11T08:57:03Z,25286,226,31,HTML,66,470
rethinkdb,2012-10-30T05:37:47Z,2022-03-06T09:47:01Z,25272,405,69,C++,1399,4952
angular-cli,2015-06-04T19:49:37Z,2022-03-14T20:20:20Z,25267,7023,476,TypeScript,231,13314
proxyee-down,2017-10-25T10:07:27Z,2021-06-04T21:55:32Z,25252,16,49,Java,0,0
select2,2012-03-04T18:43:12Z,2022-03-10T20:09:47Z,25249,688,29,JavaScript,65,4623
HanLP,2014-10-09T06:36:16Z,2022-03-12T21:14:11Z,25247,70,56,Python,2,1316
druid,2011-11-03T05:12:51Z,2022-02-25T16:28:57Z,25223,935,43,Java,2161,1326
compose,2013-12-09T11:40:58Z,2022-03-14T16:21:04Z,25219,2206,164,Go,663,5436
fetch,2014-10-13T00:26:19Z,2022-03-01T20:08:56Z,25211,146,38,JavaScript,15,570
Modernizr,2009-09-25T20:13:23Z,2022-02-25T20:20:46Z,25161,786,25,JavaScript,162,1307
airflow,2015-04-13T18:04:58Z,2022-03-14T22:17:57Z,25131,11280,45,Python,758,4325
Daily-Interview-Question,2019-01-19T10:49:00Z,2020-11-09T01:07:00Z,25124,15,0,JavaScript,246,291
dbeaver,2015-10-21T08:26:28Z,2022-03-14T22:09:46Z,25104,2257,147,Java,1458,10785
Charts,2015-03-20T10:49:12Z,2022-03-12T19:27:21Z,25082,389,34,Swift,738,3226
uppy,2015-11-16T12:32:33Z,2022-03-14T18:14:57Z,25054,1685,11,JavaScript,71,1643
Detectron,2017-10-05T17:32:00Z,2021-08-30T20:51:37Z,25027,0,0,Python,300,614
spring-boot-demo,2017-11-10T06:27:29Z,2022-03-02T11:23:40Z,25003,14,0,Java,68,71
mobx,2015-03-14T14:31:38Z,2022-03-10T11:06:52Z,24947,965,69,TypeScript,13,1774
pandoc,2010-03-20T20:34:23Z,2022-03-14T19:46:21Z,24940,1281,108,Haskell,740,5447
interactive-coding-challenges,2015-04-28T21:36:39Z,2021-04-11T09:48:23Z,24929,176,0,Python,33,29
algo,2016-05-15T03:42:48Z,2022-03-09T18:44:17Z,24900,493,2,Jinja,102,1372
cheerio,2011-10-09T04:23:20Z,2022-03-14T03:03:33Z,24858,963,55,TypeScript,19,1036
Python,2011-11-30T09:04:08Z,2022-03-13T20:07:14Z,24851,1000,0,Python,151,95
ResumeSample,2014-09-08T08:08:13Z,2020-11-26T10:03:55Z,24784,2,0,None,0,0
awesome-rust,2014-07-17T10:45:10Z,2022-03-12T16:23:02Z,24744,981,0,Rust,13,91
clash,2018-06-10T14:28:14Z,2022-03-12T11:07:53Z,24715,220,41,Go,58,1272
nylas-mail,2014-10-16T18:29:12Z,2021-07-05T13:35:43Z,24656,139,53,JavaScript,986,2434
drone,2014-02-07T07:54:44Z,2022-03-14T13:34:19Z,24643,938,18,Go,0,0
chakra-ui,2019-08-17T14:27:54Z,2022-03-14T19:59:04Z,24578,1683,1585,TypeScript,96,2348
CodeMirror,2011-01-14T13:44:03Z,2022-03-10T01:50:23Z,24544,546,158,JavaScript,416,3642
gitbook,2014-03-31T03:01:56Z,2021-12-01T21:47:47Z,24528,214,0,JavaScript,0,0
Sortable,2013-12-19T10:10:13Z,2022-01-31T04:42:26Z,24487,241,23,JavaScript,348,1262
Magisk,2016-09-08T12:42:53Z,2022-03-14T18:44:38Z,24482,943,123,C++,39,3972
python-guide,2011-03-15T03:24:20Z,2021-12-26T16:58:06Z,24452,676,0,Batchfile,88,173
consul,2013-11-04T22:15:27Z,2022-03-14T21:10:38Z,24415,6615,92,Go,937,3813
odoo,2014-05-13T15:38:58Z,2022-03-14T22:24:09Z,24413,6132,0,JavaScript,2148,12673
Coursera-ML-AndrewNg-Notes,2017-11-04T10:04:08Z,2022-03-10T14:03:39Z,24368,13,0,HTML,46,14
leetcode-master,2019-12-14T12:05:42Z,2022-03-14T18:38:17Z,24336,941,0,None,66,31
linux-insides,2015-01-03T18:44:57Z,2022-03-12T07:30:54Z,24298,542,0,Python,41,132
lighthouse,2016-03-08T01:03:11Z,2022-03-14T18:39:39Z,24269,4193,84,JavaScript,491,7673
react-select,2014-08-26T04:27:45Z,2022-03-03T09:33:19Z,24266,947,29,TypeScript,155,3087
ace,2010-10-27T10:43:36Z,2022-03-12T09:51:53Z,24192,1405,0,JavaScript,811,1905
Probabilistic-Programming-and-Bayesian-Methods-for-Hackers,2013-01-14T15:46:28Z,2022-01-06T13:06:37Z,24190,239,0,Jupyter Notebook,145,87
fanqiang,2015-01-14T00:34:25Z,2022-03-03T04:29:05Z,24189,2,13,Kotlin,248,387
fastjson,2011-11-03T06:58:52Z,2022-03-02T06:43:11Z,24189,411,83,Java,1663,1571
handson-ml,2016-02-16T19:48:39Z,2022-03-11T23:44:41Z,24134,55,0,Jupyter Notebook,116,429
angular-styleguide,2014-07-29T00:07:51Z,2019-09-12T08:30:20Z,24129,331,0,None,63,361
miaosha,2018-09-14T04:36:24Z,2022-02-14T06:34:10Z,24097,16,0,Java,31,38
tmux,2015-06-03T23:32:55Z,2022-03-13T01:10:56Z,24045,1,33,C,22,2620
SDWebImage,2009-09-21T17:39:19Z,2022-03-08T07:27:41Z,24028,801,106,Objective-C,85,2013
nprogress,2013-08-20T13:58:02Z,2022-01-18T08:55:55Z,24027,34,7,JavaScript,93,48
mongoose,2010-04-06T21:39:05Z,2022-03-14T17:39:05Z,24009,1592,23,JavaScript,327,8939
Awesome-Design-Tools,2019-02-12T13:55:30Z,2022-03-12T17:11:19Z,24001,283,0,JavaScript,1,25
learnGitBranching,2012-08-13T22:36:09Z,2022-03-09T22:53:05Z,23983,474,0,JavaScript,10,383
calculator,2019-01-28T17:55:49Z,2022-03-14T06:34:15Z,23952,720,0,C++,247,617
curl,2010-03-18T22:32:22Z,2022-03-14T22:10:58Z,23951,150,57,C,16,3194
cockroach,2014-02-06T00:18:47Z,2022-03-14T22:18:32Z,23939,34429,0,Go,4117,35140
iview,2016-07-28T01:52:59Z,2022-03-02T04:32:39Z,23934,526,85,Vue,1083,4454
bypass-paywalls-chrome,2018-04-07T20:33:19Z,2022-03-10T03:12:04Z,23929,123,31,JavaScript,0,997
jsPDF,2009-12-06T14:56:32Z,2022-02-11T15:34:56Z,23901,699,32,JavaScript,99,2086
EventBus,2012-07-16T16:55:40Z,2022-01-25T07:54:12Z,23863,31,7,Java,104,458
awesome-python-cn,2015-11-03T09:50:50Z,2022-01-22T07:08:27Z,23841,51,0,Makefile,8,16
YouCompleteMe,2012-04-16T03:12:14Z,2022-03-13T21:01:25Z,23765,705,0,Python,9,3092
slate,2016-06-18T01:52:42Z,2022-03-14T15:41:55Z,23764,1506,70,TypeScript,469,2327
LeetCode-Go,2017-07-18T00:06:14Z,2022-03-12T17:24:21Z,23750,157,4,Go,10,47
yapi,2016-05-30T09:09:09Z,2022-03-08T23:40:10Z,23747,140,1,JavaScript,1369,877
vault,2015-02-25T00:15:59Z,2022-03-14T22:19:28Z,23725,8319,45,Go,841,3924
nodemon,2010-10-03T12:50:52Z,2022-03-08T19:09:45Z,23719,280,81,JavaScript,37,1470
ccxt,2017-05-14T15:41:56Z,2022-03-14T20:36:37Z,23637,4835,0,JavaScript,520,6162
awesome-deep-learning-papers,2016-06-03T06:48:30Z,2020-08-27T13:43:48Z,23570,39,0,TeX,15,11
openpose,2017-04-24T14:06:31Z,2022-03-14T04:24:20Z,23563,156,15,C++,132,1629
vhr,2018-01-04T08:57:51Z,2022-02-26T02:25:29Z,23530,1,0,Java,146,91
vagrant,2010-01-21T08:34:27Z,2022-03-13T08:23:00Z,23500,2491,0,Ruby,568,8507
minikube,2016-04-15T22:38:35Z,2022-03-14T20:57:28Z,23498,5395,130,Go,614,6660
ngx-admin,2016-05-25T10:09:03Z,2022-02-15T12:25:00Z,23484,325,18,TypeScript,382,1303
fastText,2016-07-16T13:38:42Z,2022-03-04T15:45:48Z,23464,12,4,HTML,411,599
waifu2x,2015-05-17T07:29:15Z,2021-10-30T17:37:48Z,23421,66,3,Lua,135,196
starship,2019-04-02T03:23:12Z,2022-03-14T22:14:36Z,23412,1717,103,Rust,304,1050
hacker-laws,2018-01-25T03:46:34Z,2022-03-14T22:02:28Z,23408,164,1,Shell,124,68
cmder,2013-07-09T07:44:22Z,2022-02-03T22:48:26Z,23390,350,30,C++,26,2094
the_silver_searcher,2011-11-19T19:50:47Z,2022-02-07T23:53:23Z,23378,399,0,C,389,402
react-virtualized,2015-11-03T00:48:07Z,2022-03-09T21:01:01Z,23352,452,4,JavaScript,389,709
SmartRefreshLayout,2017-06-02T09:52:50Z,2022-02-23T07:20:27Z,23351,6,10,Java,223,1191
English-level-up-tips,2017-05-30T07:18:52Z,2022-03-05T06:27:33Z,23338,23,0,None,12,50
OpenAPI-Specification,2014-03-03T16:53:36Z,2022-03-10T17:43:09Z,23314,711,10,JavaScript,488,1325
CodeHub,2013-07-23T22:19:57Z,2021-04-05T02:45:57Z,23250,13,4,C#,234,407
pytorch-tutorial,2017-03-10T07:41:47Z,2021-10-16T07:35:35Z,23233,28,0,Python,62,112
yolov5,2020-05-18T03:45:11Z,2022-03-14T21:27:14Z,23199,1169,8,Python,221,4726
influxdb,2013-09-26T14:31:10Z,2022-03-14T20:14:32Z,23160,9176,69,Go,1389,10922
awesome-shell,2014-07-07T01:57:42Z,2022-03-08T05:19:59Z,23123,286,0,None,28,19
NeteaseCloudMusicApi,2016-06-22T11:58:03Z,2022-03-14T21:07:24Z,23121,219,147,JavaScript,91,1035
interview,2018-02-09T09:49:48Z,2022-03-06T06:52:51Z,23051,32,0,C++,3,39
fonts,2012-12-19T13:31:50Z,2022-03-08T17:00:48Z,23039,72,1,Shell,145,92
flutter-go,2019-01-08T09:03:40Z,2021-05-20T15:58:10Z,22994,158,4,Dart,0,0
selenium,2013-01-14T21:40:56Z,2022-03-12T00:41:31Z,22988,927,73,Java,108,7863
django-rest-framework,2011-03-02T17:13:56Z,2022-03-14T12:54:03Z,22973,2676,14,Python,115,3609
REKCARC-TSC-UHT,2019-04-05T03:31:23Z,2022-02-21T02:24:00Z,22931,94,0,HTML,10,14
hammer.js,2012-03-02T12:58:28Z,2022-03-04T07:00:06Z,22924,114,0,JavaScript,274,759
SpringAll,2018-05-02T02:48:44Z,2022-02-09T22:07:40Z,22913,1,0,Java,12,25
Vundle.vim,2010-10-17T23:17:53Z,2021-07-28T05:17:08Z,22910,86,0,Vim script,157,548
spaCy,2014-07-03T15:15:40Z,2022-03-14T18:51:26Z,22886,2668,94,Python,79,4971
gitlabhq,2011-10-02T16:25:27Z,2022-03-14T21:08:54Z,22853,2227,0,Ruby,0,0
easyexcel,2018-02-06T03:14:08Z,2022-03-02T03:08:26Z,22828,100,1,Java,111,1982
sqlmap,2012-06-26T09:52:15Z,2022-03-11T17:31:09Z,22767,135,7,Python,48,4576
rustlings,2015-09-15T02:25:18Z,2022-03-12T18:13:47Z,22761,431,24,Rust,74,270
pipenv,2017-01-20T00:44:02Z,2022-03-14T15:42:47Z,22761,1070,21,Python,463,3116
meilisearch,2018-04-23T11:45:28Z,2022-03-14T16:36:08Z,22713,772,86,Rust,54,830
streisand,2014-03-23T21:56:19Z,2021-05-04T09:42:40Z,22687,527,0,Shell,211,929
BaseRecyclerViewAdapterHelper,2016-04-10T07:40:11Z,2022-01-17T10:52:45Z,22666,190,192,Java,446,2879
nocodb,2017-10-29T18:51:48Z,2022-03-14T11:04:29Z,22635,283,47,Vue,210,439
modern-js-cheatsheet,2017-09-18T14:56:00Z,2022-02-06T19:33:55Z,22599,81,0,None,8,37
ClickHouse,2016-06-02T08:28:18Z,2022-03-14T21:41:13Z,22593,20145,349,C++,1845,9006
os-tutorial,2014-09-29T08:39:34Z,2022-01-06T14:56:30Z,22578,11,0,C,55,88
data-science-ipython-notebooks,2015-01-23T19:38:29Z,2021-11-04T20:19:10Z,22569,31,0,Python,10,21
react-spring,2018-03-07T15:39:32Z,2022-03-14T17:20:53Z,22562,296,32,TypeScript,48,1008
kit,2015-02-03T00:01:19Z,2022-03-14T18:01:37Z,22558,465,12,Go,34,510
components,2016-01-04T18:50:02Z,2022-03-14T22:23:18Z,22551,9584,273,TypeScript,1688,11305
lottie-ios,2016-10-06T22:38:38Z,2022-03-11T00:39:37Z,22539,402,45,Swift,277,720
first-contributions,2016-09-20T14:35:09Z,2022-03-14T20:51:26Z,22516,39980,0,None,68,339
dokku,2013-06-08T10:26:57Z,2022-03-14T13:12:00Z,22490,2288,215,Shell,43,2306
awesome-electron,2015-04-23T11:48:53Z,2022-02-06T16:44:04Z,22490,257,0,None,0,40
etcher,2015-10-27T16:53:23Z,2022-03-14T11:16:37Z,22472,1585,155,TypeScript,346,1520
Hystrix,2012-11-19T20:14:46Z,2021-12-21T04:27:08Z,22466,672,79,Java,341,678
toBeTopJavaer,2018-10-25T09:54:54Z,2022-02-14T07:37:55Z,22459,52,0,Java,33,61
fastify,2016-09-28T19:10:14Z,2022-03-14T12:51:30Z,22420,1862,210,JavaScript,51,1305
darknet,2014-04-11T07:59:16Z,2022-03-06T22:41:43Z,22404,10,0,C,1740,527
immer,2017-12-29T12:25:47Z,2022-03-13T09:27:08Z,22388,283,93,JavaScript,21,532
canal,2013-01-13T10:59:52Z,2022-03-10T10:01:57Z,22329,362,22,Java,844,2680
xgboost,2014-02-06T17:28:03Z,2022-03-14T19:18:44Z,22325,2837,39,C++,242,4072
google-research,2018-10-04T18:42:48Z,2022-03-14T21:54:27Z,22320,27,0,Jupyter Notebook,492,226
docz,2018-03-17T04:24:10Z,2022-02-28T03:20:21Z,22314,362,127,TypeScript,109,1122
commander.js,2011-08-14T21:33:58Z,2022-03-14T08:27:49Z,22310,557,65,JavaScript,3,870
devise,2009-09-16T12:15:12Z,2022-03-09T18:29:04Z,22292,747,16,Ruby,136,3951
mattermost-server,2015-06-15T06:50:02Z,2022-03-14T18:51:26Z,22276,11565,299,Go,613,5753
pure,2013-04-22T16:16:39Z,2022-03-14T21:55:54Z,22234,212,24,JavaScript,0,562
act,2019-01-02T19:53:43Z,2022-03-14T19:46:32Z,22210,357,34,Go,58,546
sails,2012-03-18T19:46:15Z,2022-03-03T22:44:18Z,22205,530,40,JavaScript,456,5835
ember.js,2011-05-25T23:39:40Z,2022-03-14T19:57:10Z,22166,7728,432,JavaScript,349,6203
Signal-Android,2011-12-15T20:01:12Z,2022-03-14T18:11:33Z,22140,238,0,Java,369,9076
hutool,2014-04-13T07:23:51Z,2022-03-14T17:14:08Z,22129,269,110,Java,1,1646
chosen,2011-04-18T15:07:41Z,2021-08-07T00:48:15Z,22125,309,34,HTML,243,2120
redux-saga,2015-11-29T16:58:12Z,2022-03-14T19:08:46Z,22115,635,50,JavaScript,38,1393
spacemacs,2012-12-17T21:34:03Z,2022-03-11T23:09:24Z,22112,1392,158,Emacs Lisp,344,7745
react-native-elements,2016-09-08T14:21:41Z,2022-03-11T13:14:45Z,22097,1040,75,TypeScript,60,1837
devtools,2014-09-29T03:52:07Z,2022-03-14T17:12:39Z,22072,239,73,TypeScript,348,1001
mdb-ui-kit,2014-08-18T11:54:00Z,2022-03-14T07:35:07Z,22068,193,17,SCSS,3,1134
ItChat,2016-01-19T07:49:48Z,2021-03-31T05:56:33Z,22066,29,13,Python,233,607
rocksdb,2012-11-30T06:16:18Z,2022-03-14T22:22:57Z,22059,563,151,C++,416,2039
fastai,2017-09-09T17:43:36Z,2022-03-14T11:27:03Z,22039,1527,32,Jupyter Notebook,103,1459
python-fire,2017-02-21T21:35:07Z,2022-02-03T14:02:06Z,22037,44,8,Python,104,147
blog,2014-04-25T09:44:42Z,2019-11-12T05:28:36Z,22008,1,0,None,10,4
iris,2016-01-30T04:36:48Z,2022-03-12T10:32:31Z,21978,180,20,Go,73,748
the-super-tiny-compiler,2016-03-11T04:19:18Z,2021-09-18T02:56:54Z,21977,20,0,JavaScript,0,0
emscripten,2011-02-12T05:23:30Z,2022-03-14T22:19:17Z,21973,7646,1,C,990,6257
lazydocker,2019-05-18T08:53:50Z,2022-02-22T07:30:06Z,21938,103,28,Go,110,84
sweetalert,2014-09-30T11:12:48Z,2022-03-13T19:29:28Z,21933,84,13,TypeScript,149,543
awesome-sysadmin,2014-02-09T22:39:20Z,2022-03-02T06:42:17Z,21919,183,0,None,71,26
Depix,2020-12-06T12:39:08Z,2022-02-17T23:06:34Z,21915,12,0,Python,0,0
awesome-remote-job,2015-01-02T00:31:34Z,2022-03-11T19:36:50Z,21876,524,0,None,5,39
octotree,2014-05-09T18:15:20Z,2022-03-08T09:35:20Z,21870,249,0,JavaScript,44,680
react-redux,2015-07-11T17:32:01Z,2022-02-08T20:49:37Z,21852,465,102,TypeScript,17,1133
Docker-OSX,2020-06-04T11:01:37Z,2022-03-11T04:08:26Z,21838,88,0,Shell,147,188
echo,2015-03-01T17:43:01Z,2022-03-14T10:06:53Z,21836,445,91,Go,47,1199
sharp,2013-08-19T20:24:24Z,2022-03-14T11:54:57Z,21798,220,47,JavaScript,102,2701
seata,2018-12-28T08:37:22Z,2022-03-14T16:06:18Z,21782,1435,31,Java,553,1978
ramda,2013-06-21T20:32:35Z,2022-03-14T15:31:18Z,21772,1258,26,JavaScript,121,1429
polymer,2012-08-23T20:56:30Z,2022-02-09T16:38:38Z,21766,1069,115,HTML,256,3648
awesome-swift,2014-07-10T14:04:09Z,2022-03-08T17:28:47Z,21718,1365,0,Swift,0,121
swagger-ui,2011-07-15T22:56:39Z,2022-03-14T13:37:54Z,21711,2153,225,JavaScript,683,4065
wepy,2016-11-14T08:06:56Z,2022-02-13T16:03:07Z,21710,428,8,JavaScript,346,1783
RxSwift,2015-04-07T21:25:17Z,2022-03-03T13:43:23Z,21694,737,71,Swift,10,1152
devops-exercises,2019-10-03T17:31:21Z,2022-02-10T20:40:12Z,21685,128,0,Python,12,36
flow,2014-10-28T17:17:45Z,2022-03-14T21:21:02Z,21675,159,232,OCaml,2374,4181
nacos,2018-06-15T06:49:27Z,2022-03-14T07:42:59Z,21667,1754,43,Java,646,4730
plyr,2015-02-14T11:33:07Z,2022-03-08T15:29:42Z,21661,346,79,JavaScript,702,1143
PhotoSwipe,2011-04-07T05:46:29Z,2022-03-14T08:04:49Z,21621,54,11,JavaScript,561,1093
spring-cloud-alibaba,2017-12-01T20:49:15Z,2022-03-14T16:34:38Z,21614,541,27,Java,363,1299
hub,2009-12-05T22:15:25Z,2022-02-26T22:35:35Z,21607,396,60,Go,222,1740
architecture-components-samples,2017-05-09T21:09:14Z,2022-02-28T09:31:19Z,21602,214,0,Kotlin,135,534
guzzle,2011-02-28T02:44:05Z,2022-03-14T10:43:04Z,21588,867,45,PHP,18,1717
folly,2012-06-01T20:49:04Z,2022-03-14T21:36:07Z,21558,4,78,C++,299,600
mostly-adequate-guide,2015-05-06T01:44:15Z,2022-01-12T15:35:17Z,21554,270,1,JavaScript,65,202
halo,2018-03-21T12:56:52Z,2022-03-14T13:31:04Z,21547,448,82,Java,82,1013
weekly,2018-10-13T12:36:07Z,2022-03-11T01:19:13Z,21541,47,0,None,1742,436
swr,2019-10-28T18:16:01Z,2022-03-12T18:19:58Z,21511,518,76,TypeScript,57,514
jq,2012-07-18T19:57:25Z,2022-03-03T23:04:36Z,21499,212,9,C,605,1265
draft-js,2016-02-19T20:18:26Z,2022-03-11T20:33:36Z,21498,216,26,JavaScript,764,964
vapor,2016-01-18T22:37:52Z,2022-03-13T09:32:08Z,21472,1028,438,Swift,80,1387
Wox,2013-12-19T15:49:32Z,2022-02-14T02:06:47Z,21469,285,38,C#,802,2397
ngrok,2013-03-20T09:37:43Z,2021-12-16T15:44:31Z,21466,34,0,Go,336,417
tqdm,2015-06-03T13:13:14Z,2022-03-13T02:32:22Z,21435,261,115,Python,275,544
n8n,2019-06-22T09:24:21Z,2022-03-14T21:59:44Z,21417,1480,0,TypeScript,62,507
kafka,2011-08-15T18:06:16Z,2022-03-14T22:19:18Z,21395,5218,0,Java,0,0
Mask_RCNN,2017-10-19T20:28:34Z,2022-01-02T23:39:40Z,21378,65,3,Python,1723,803
react-redux-links,2016-01-22T02:10:28Z,2022-02-01T03:59:00Z,21378,62,0,None,16,22
awesome-docker,2014-09-21T17:01:48Z,2022-03-14T15:27:50Z,21365,790,1,None,0,113
feather,2014-05-28T19:49:55Z,2022-02-23T15:58:44Z,21362,96,50,JavaScript,339,221
rollup,2015-05-14T22:26:28Z,2022-03-14T17:33:42Z,21336,1413,317,JavaScript,364,2396
mongo,2009-01-15T16:15:18Z,2022-03-14T21:44:48Z,21314,115,0,C++,0,0
helm,2015-10-06T01:07:32Z,2022-03-14T21:52:23Z,21301,3252,154,Go,275,6010
fabric.js,2010-06-09T22:24:38Z,2022-03-14T19:23:08Z,21295,1579,116,JavaScript,246,5112
iTerm2-Color-Schemes,2011-04-01T04:01:46Z,2022-02-08T17:19:08Z,21254,243,0,Shell,12,71
faas,2016-12-22T12:51:39Z,2022-02-22T18:45:48Z,21232,651,147,Go,28,737
Files,2019-01-04T18:19:14Z,2022-03-13T13:44:21Z,21223,2539,62,C#,814,4939
mocha,2011-03-07T18:44:25Z,2022-03-13T10:15:38Z,21211,1140,73,JavaScript,224,2571
prisma,2019-06-20T13:33:47Z,2022-03-14T16:38:51Z,21201,2528,125,TypeScript,1891,3919
SwiftyJSON,2014-06-18T14:41:15Z,2021-06-17T17:41:03Z,21188,215,21,Swift,111,573
iosched,2014-04-01T22:40:40Z,2022-03-12T20:20:17Z,21187,62,2,Kotlin,43,186
react-starter-kit,2014-04-16T13:08:18Z,2021-08-03T19:21:23Z,21133,486,5,TypeScript,5,1165
dragula,2015-04-13T21:35:38Z,2022-03-12T18:15:59Z,21110,57,0,JavaScript,98,406
portainer,2016-05-19T20:15:28Z,2022-03-14T22:23:27Z,21074,2157,89,JavaScript,737,3239
intro.js,2013-03-10T15:12:45Z,2022-03-14T13:02:19Z,21055,332,30,JavaScript,32,682
reverse-interview,2019-09-08T13:38:40Z,2021-11-19T19:36:36Z,21026,53,0,None,7,14
nsq,2012-05-12T14:37:08Z,2022-01-06T05:16:54Z,21014,648,30,Go,50,547
engineering-blogs,2015-06-13T18:25:17Z,2022-03-08T08:03:57Z,21005,679,0,Ruby,4,74
swc,2017-12-22T11:40:14Z,2022-03-14T22:04:44Z,21001,1960,128,Rust,210,1371
NativeScript,2015-03-01T09:47:08Z,2022-03-13T19:41:56Z,20999,2849,113,TypeScript,887,5514
yt-dlp,2020-10-26T04:22:55Z,2022-03-14T22:16:00Z,20992,694,51,Python,421,1626
Dress,2018-02-11T03:49:29Z,2022-03-13T09:22:02Z,20968,505,0,Standard ML,100,252
react-navigation,2017-01-26T19:51:40Z,2022-03-09T04:40:23Z,20949,963,1122,TypeScript,457,8062
fd,2017-05-09T21:27:10Z,2022-03-14T18:25:40Z,20947,319,28,Rust,52,534
zsh-autosuggestions,2013-10-26T16:09:37Z,2022-02-06T12:33:11Z,20885,104,0,Shell,88,402
ML-From-Scratch,2017-02-05T12:11:23Z,2021-06-28T14:08:14Z,20877,9,0,Python,28,36
flv.js,2016-05-12T08:34:31Z,2022-02-12T05:01:55Z,20876,20,15,JavaScript,376,291
xxl-job,2015-11-28T12:59:34Z,2022-03-03T07:45:15Z,20866,93,30,Java,805,1635
modern-unix,2021-01-12T00:50:14Z,2022-02-27T10:50:09Z,20865,9,0,None,41,8
normalizr,2014-08-20T08:41:38Z,2022-02-11T20:10:11Z,20857,98,25,JavaScript,22,279
servo,2012-02-08T19:07:25Z,2022-03-12T07:03:33Z,20807,14063,0,None,3361,8235
hosts,2017-08-05T16:10:32Z,2021-06-19T17:45:07Z,20804,50,0,None,63,349
css-protips,2015-08-29T12:29:03Z,2021-10-04T04:36:45Z,20796,45,0,None,5,44
github1s,2019-06-16T09:55:25Z,2022-02-14T05:57:08Z,20728,197,21,JavaScript,51,123
docker-cheat-sheet,2014-08-05T20:04:20Z,2021-10-31T23:22:50Z,20702,133,0,None,5,22
react-motion,2015-06-11T07:38:23Z,2022-03-02T03:46:44Z,20699,144,4,JavaScript,146,248
Hero,2016-11-24T18:49:37Z,2022-02-08T14:37:29Z,20693,110,37,Swift,178,406
quasar,2015-10-05T15:45:36Z,2022-03-14T18:36:11Z,20691,2908,605,JavaScript,285,6297
redash,2013-10-28T13:19:39Z,2022-03-14T15:04:27Z,20688,2644,98,Python,472,1717
gson,2015-03-19T18:21:20Z,2022-03-13T20:39:51Z,20664,307,3,Java,481,967
pug,2010-06-23T01:05:42Z,2022-02-17T19:38:10Z,20646,501,22,JavaScript,252,2258
react-bootstrap,2013-12-27T19:06:07Z,2022-03-14T21:09:37Z,20536,2448,35,TypeScript,131,3115
algo,2018-09-24T05:33:46Z,2022-02-15T06:31:45Z,20533,321,0,Python,97,21
coder2gwy,2020-12-30T14:40:50Z,2022-02-11T08:56:20Z,20508,2,0,None,109,25
algorithms,2016-11-17T22:32:08Z,2022-03-08T13:01:42Z,20504,415,1,Python,60,94
nps,2018-11-04T13:22:51Z,2022-03-04T08:22:46Z,20504,74,59,Go,270,643
scrollreveal,2014-01-16T17:37:20Z,2021-11-22T21:36:59Z,20500,32,0,JavaScript,20,450
ipfs,2014-02-11T07:28:24Z,2022-02-27T21:45:13Z,20481,125,0,None,4,203
go,2013-08-14T08:33:55Z,2022-03-10T19:03:34Z,20468,43,0,None,26,23
gentelella,2015-05-15T06:57:27Z,2022-03-14T03:31:22Z,20460,161,7,HTML,30,610
tornado,2009-09-09T04:55:16Z,2022-03-14T20:11:31Z,20437,821,0,Python,201,1508
the-swift-programming-language-in-chinese,2014-06-03T04:44:09Z,2021-12-13T18:19:33Z,20427,682,1,CSS,3,394
mpvue,2018-03-07T03:09:25Z,2022-03-02T04:31:30Z,20389,64,19,JavaScript,423,1264
DesignPatternsPHP,2011-08-22T05:24:31Z,2022-01-09T19:40:25Z,20376,272,0,PHP,2,107
fe-interview,2019-04-17T03:05:58Z,2022-03-14T20:49:12Z,20339,8,2,JavaScript,4932,15
dnSpy,2015-07-01T16:05:10Z,2020-12-20T23:55:15Z,20320,53,1,C#,0,0
apollo,2017-07-04T19:03:31Z,2022-03-14T03:28:45Z,20293,9644,10,C++,1066,2469
The-Art-Of-Programming-By-July,2013-12-14T10:00:06Z,2021-07-03T07:47:32Z,20277,254,0,C,47,83
hosts,2012-04-12T20:22:50Z,2022-03-14T21:28:49Z,20272,377,412,Python,35,1317
floating-ui,2016-03-29T17:00:47Z,2022-03-14T09:12:35Z,20262,520,184,TypeScript,11,791
lede,2017-09-06T07:39:03Z,2022-03-14T06:45:32Z,20252,1362,2,C,289,6067
eslint,2013-06-29T23:59:48Z,2022-03-14T16:40:36Z,20189,5052,262,JavaScript,87,8868
autoprefixer,2013-03-14T05:04:51Z,2022-02-07T22:42:33Z,20188,264,181,JavaScript,33,1075
detectron2,2019-09-05T21:30:20Z,2022-03-11T08:49:59Z,20170,0,10,Python,144,2730
localForage,2013-10-31T00:10:06Z,2022-03-09T06:15:51Z,20170,267,26,JavaScript,186,489
tips,2015-07-15T07:24:48Z,2022-02-15T19:39:53Z,20167,138,0,JavaScript,15,17
MockingBird,2021-08-07T03:53:39Z,2022-03-12T11:28:03Z,20152,37,1,Python,169,238
insomnia,2016-04-23T03:54:26Z,2022-03-10T22:59:01Z,20148,1307,212,JavaScript,532,2028
docker_practice,2014-09-05T04:06:39Z,2022-03-13T17:10:56Z,20130,244,15,Go,2,194
CheatSheetSeries,2018-12-21T14:26:43Z,2022-03-14T17:00:56Z,20113,534,0,Python,33,230
alpine,2019-11-28T13:51:55Z,2022-03-14T08:12:52Z,20109,441,99,HTML,7,552
security-guide-for-developers,2016-06-08T15:56:25Z,2020-12-02T05:33:44Z,20102,26,0,None,8,4
vuepress,2018-04-05T16:58:38Z,2022-03-07T07:58:18Z,20094,764,21,JavaScript,432,1387
You-Dont-Need-jQuery,2015-11-21T16:02:26Z,2021-09-01T06:28:38Z,20089,163,1,JavaScript,1,65
glances,2011-12-04T08:49:15Z,2022-03-13T13:31:47Z,20084,421,27,Python,219,1239
docsify,2016-11-20T07:55:43Z,2022-03-13T21:37:53Z,20081,485,12,JavaScript,153,887
logrus,2013-10-16T19:08:55Z,2022-03-10T05:47:50Z,20072,394,13,Go,10,605
eShopOnContainers,2016-10-05T22:35:23Z,2022-03-14T07:03:32Z,20025,473,10,C#,35,1076
nvm-windows,2014-09-20T16:37:28Z,2022-03-14T07:36:17Z,20006,63,17,Go,81,520
ReactiveCocoa,2012-03-02T22:11:24Z,2021-11-20T14:18:30Z,19985,1347,83,Swift,0,2001
yew,2017-12-16T14:19:02Z,2022-03-14T03:29:37Z,19978,1179,30,Rust,88,892
bluebird,2013-09-07T19:39:57Z,2021-09-14T08:05:38Z,19978,289,123,JavaScript,66,1072
awesome-vscode,2016-02-07T23:02:45Z,2022-03-14T11:20:22Z,19967,237,0,JavaScript,17,23
android-best-practices,2014-07-29T09:09:44Z,2021-10-01T07:31:17Z,19941,80,0,None,23,61
elixir,2011-01-09T08:43:57Z,2022-03-14T17:19:05Z,19941,5849,120,Elixir,20,4624
Aerial,2015-10-26T21:21:31Z,2022-03-06T08:44:58Z,19940,214,172,Swift,43,894
incubator-mxnet,2015-04-30T16:21:15Z,2022-03-14T14:22:18Z,19917,8710,31,C++,1768,7710
GPUImage,2012-02-13T15:20:02Z,2020-11-28T03:20:20Z,19912,241,3,Objective-C,902,1308
passport,2011-10-08T22:38:32Z,2022-01-24T21:19:27Z,19909,49,0,JavaScript,300,391
Kingfisher,2015-04-06T14:26:21Z,2022-03-11T13:24:25Z,19901,539,160,Swift,70,1125
pkg,2016-08-08T19:41:59Z,2022-03-09T20:23:39Z,19898,140,37,JavaScript,48,1154
es6tutorial,2014-04-20T13:06:28Z,2022-03-13T05:32:38Z,19879,355,0,JavaScript,0,533
numpy,2010-09-13T23:02:39Z,2022-03-14T18:43:45Z,19873,8628,81,Python,2023,8362
RedisDesktopManager,2013-08-05T07:51:08Z,2022-03-03T16:41:04Z,19867,406,83,C++,28,4464
enzyme,2015-11-10T21:45:38Z,2022-01-02T05:20:02Z,19844,646,0,JavaScript,257,1490
NLP-progress,2018-06-22T17:43:55Z,2022-03-08T10:02:43Z,19838,453,3,Python,30,65
handson-ml2,2019-01-08T03:49:07Z,2022-02-27T07:23:22Z,19824,62,0,Jupyter Notebook,154,281
pop,2014-03-30T22:29:12Z,2020-01-02T19:13:40Z,19821,100,3,Objective-C++,45,211
react-native-web,2015-06-09T19:25:38Z,2022-03-08T08:51:35Z,19800,47,19,JavaScript,78,1473
howler.js,2013-01-28T16:47:12Z,2022-02-28T10:45:47Z,19787,127,24,JavaScript,278,1037
How-to-Make-a-Computer-Operating-System,2013-11-29T17:36:32Z,2021-12-16T09:10:55Z,19755,42,1,C,44,27
libgdx,2012-08-10T19:34:38Z,2022-03-14T20:52:42Z,19754,2370,8,Java,170,3285
snowpack,2019-02-26T15:45:38Z,2022-03-11T00:43:46Z,19736,1203,83,JavaScript,334,528
ava,2014-11-18T17:20:26Z,2022-03-13T06:35:47Z,19672,967,84,JavaScript,78,1473
homebridge,2014-12-01T16:37:39Z,2022-01-26T06:55:27Z,19671,293,29,TypeScript,14,2688
highlight.js,2011-01-01T23:47:21Z,2022-03-12T00:41:18Z,19669,1259,32,JavaScript,45,1741
idiomatic.js,2011-05-25T17:48:59Z,2021-12-14T09:32:34Z,19665,114,0,None,31,48
aos,2015-07-09T17:49:00Z,2022-03-10T09:10:11Z,19657,38,0,JavaScript,266,348
RxJS,2012-01-07T00:31:41Z,2018-04-18T20:17:39Z,19642,520,34,JavaScript,231,643
RxAndroid,2014-08-19T03:46:38Z,2021-08-26T12:59:07Z,19611,171,18,Java,1,340
profile-summary-for-github,2017-12-10T13:29:15Z,2021-09-13T14:40:31Z,19522,20,0,Vue,13,58
monolog,2011-02-17T02:07:15Z,2022-03-14T13:13:04Z,19520,622,51,PHP,19,682
How-To-Ask-Questions-The-Smart-Way,2015-03-28T16:52:40Z,2022-03-08T03:52:26Z,19510,82,0,JavaScript,5,15
ray,2016-10-25T19:38:30Z,2022-03-14T22:03:33Z,19507,11138,54,Python,2045,7349
Complete-Python-3-Bootcamp,2018-02-12T19:30:10Z,2022-03-06T15:09:30Z,19500,12,0,Jupyter Notebook,59,187
photoprism,2018-01-27T12:00:15Z,2022-03-14T18:12:21Z,19490,186,35,Go,274,1084
AnotherRedisDesktopManager,2019-01-08T06:01:56Z,2022-03-14T03:02:50Z,19449,106,38,JavaScript,82,556
yuzu,2018-01-03T18:13:57Z,2022-03-14T15:06:29Z,19435,4557,0,C++,901,1612
Telegram,2013-10-25T14:08:10Z,2022-03-14T15:25:54Z,19433,20,73,Java,0,0
notable,2018-12-22T13:57:19Z,2021-12-05T21:43:20Z,19431,25,20,TypeScript,618,883
upterm,2015-03-22T07:00:24Z,2019-05-20T17:42:14Z,19415,293,187,TypeScript,219,533
reactjs-interview-questions,2018-05-31T17:17:01Z,2022-03-14T05:24:28Z,19408,97,0,JavaScript,3,50
k3s,2018-05-31T01:37:46Z,2022-03-14T21:13:36Z,19405,1676,348,Go,403,2677
gfwlist,2015-03-13T13:24:56Z,2022-03-13T04:32:47Z,19400,0,0,None,376,1811
pumpkin-book,2018-12-22T05:05:24Z,2022-02-26T07:27:12Z,19382,44,4,None,17,48
cascadia-code,2019-07-10T22:50:20Z,2021-12-13T22:39:07Z,19363,70,17,Python,71,447
generator-jhipster,2013-10-21T20:07:22Z,2022-03-14T21:53:27Z,19363,10109,20,JavaScript,235,6616
IntelliJ-IDEA-Tutorial,2015-08-17T15:25:52Z,2022-01-31T01:32:47Z,19323,39,0,None,0,74
parse-server,2016-01-28T18:29:14Z,2022-03-14T17:20:14Z,19320,2904,127,JavaScript,215,3886
vant,2017-04-19T07:55:31Z,2022-03-13T08:28:45Z,19312,3976,160,TypeScript,24,6004
PaddleOCR,2020-05-08T10:38:16Z,2022-03-11T09:21:00Z,19308,1417,4,Python,939,3083
bitcoinbook,2013-08-11T23:18:28Z,2022-02-22T02:36:43Z,19302,434,3,AsciiDoc,48,294
validator.js,2010-10-06T06:58:48Z,2022-03-13T06:15:28Z,19268,607,9,JavaScript,123,771
ChromeAppHeroes,2019-02-07T06:35:24Z,2022-02-16T01:49:04Z,19247,7,0,JavaScript,14,29
slidev,2021-04-24T01:25:23Z,2022-03-11T16:58:53Z,19230,109,167,TypeScript,76,251
v8,2014-09-24T15:24:30Z,2022-03-11T07:48:48Z,19228,0,0,C++,0,0
xstate,2015-09-14T15:04:15Z,2022-03-14T21:40:19Z,19223,1000,152,TypeScript,150,885
CPlusPlusThings,2019-07-14T08:45:45Z,2022-03-05T15:39:43Z,19212,23,0,C++,52,91
vegeta,2013-08-13T11:45:21Z,2022-02-15T05:22:49Z,19202,130,63,Go,74,301
material-dialogs,2014-11-03T03:21:42Z,2022-02-11T04:40:25Z,19196,179,92,Kotlin,0,0
js-cookie,2015-03-19T15:57:47Z,2022-01-07T06:52:36Z,19195,61,34,JavaScript,2,501
DeepSpeech,2016-06-02T15:04:53Z,2022-03-09T13:18:48Z,19187,1338,105,C++,107,1949
electron-react-boilerplate,2015-05-18T09:54:57Z,2022-03-14T19:04:13Z,19154,746,57,TypeScript,32,1571
envoy,2016-08-08T15:07:24Z,2022-03-14T22:00:57Z,19150,10914,72,C++,1134,5833
windows95,2018-08-23T05:04:38Z,2022-03-02T02:17:22Z,19130,17,12,TypeScript,114,95
react-admin,2016-07-13T07:58:54Z,2022-03-14T16:33:45Z,19123,3203,221,TypeScript,87,3400
nightmare,2014-04-05T22:19:51Z,2022-01-02T15:10:26Z,19117,251,1,JavaScript,176,1066
games,2012-01-05T19:48:55Z,2022-02-24T05:26:09Z,19114,192,0,None,156,80
coc.nvim,2018-05-01T22:39:02Z,2022-03-14T16:01:19Z,19078,543,80,TypeScript,17,2588
libuv,2013-11-30T00:29:56Z,2022-03-13T21:50:10Z,19072,622,4,C,103,1320
spleeter,2019-09-26T15:40:46Z,2022-03-12T08:55:01Z,19067,44,2,Python,124,525
xi-editor,2016-04-26T23:03:23Z,2022-03-03T16:26:21Z,19059,654,0,Rust,130,396
ExoPlayer,2014-06-13T21:19:18Z,2022-03-12T15:10:48Z,19049,523,18,Java,549,8385
Python-programming-exercises,2012-06-14T07:56:46Z,2022-02-26T11:46:00Z,19036,0,0,None,54,11
stackedit,2013-03-24T13:46:06Z,2022-01-04T06:33:06Z,19032,35,13,JavaScript,635,998
micro,2016-03-11T02:06:28Z,2022-03-07T18:31:47Z,19021,513,32,Go,548,1153
homebrew-cask,2012-03-05T02:05:17Z,2022-03-14T22:18:53Z,18993,98102,81,Ruby,22,5989
applied-ml,2020-07-04T18:57:47Z,2022-03-13T06:36:10Z,18992,177,0,None,2,18
AppFlowy,2021-06-16T12:56:48Z,2022-03-14T15:16:35Z,18967,147,5,Rust,112,82
homemade-machine-learning,2018-11-01T04:34:19Z,2022-03-12T16:46:32Z,18963,2,0,Jupyter Notebook,9,12
fiber,2020-01-16T03:59:20Z,2022-03-14T20:31:16Z,18962,891,85,Go,23,786
js-stack-from-scratch,2016-10-02T13:31:23Z,2021-09-26T09:59:57Z,18955,55,1,JavaScript,39,118
ruby,2010-02-27T15:55:23Z,2022-03-14T19:44:40Z,18949,2423,0,Ruby,0,0
RSSHub,2018-04-02T14:43:21Z,2022-03-14T21:22:29Z,18948,4691,226,JavaScript,328,3017
ShareX,2013-10-08T23:32:10Z,2022-03-12T01:28:16Z,18943,670,72,C#,347,4830
macOS-Security-and-Privacy-Guide,2015-08-31T03:36:35Z,2022-01-15T05:36:08Z,18941,134,0,Python,16,224
Web,2017-01-03T11:44:33Z,2022-03-14T14:04:36Z,18887,0,0,None,40,119
skywalking,2015-11-07T03:30:36Z,2022-03-14T16:04:49Z,18879,3453,50,Java,50,4050
WeChatExtension-ForMac,2019-04-25T03:02:16Z,2022-03-10T17:34:14Z,18855,45,47,Objective-C,774,762
croc,2017-10-17T15:20:18Z,2022-02-27T16:41:36Z,18805,130,130,Go,74,240
forem,2016-11-13T23:02:13Z,2022-03-14T18:59:17Z,18799,10563,0,Ruby,387,4050
popmotion,2014-08-17T16:23:07Z,2022-02-27T22:10:48Z,18792,293,0,JavaScript,32,549
celery,2009-04-24T11:31:24Z,2022-03-14T16:56:59Z,18789,1682,31,Python,473,4163
architecture.of.internet-product,2018-04-30T10:25:31Z,2021-12-05T04:53:06Z,18762,1,0,HTML,8,3
hyperapp,2017-01-20T05:20:21Z,2022-03-14T05:57:39Z,18744,273,26,JavaScript,7,571
api-guidelines,2016-07-12T20:01:24Z,2022-03-14T14:56:27Z,18740,111,0,None,72,77
JavaScript30,2016-12-07T19:15:31Z,2022-03-03T00:07:27Z,18736,145,0,HTML,0,0
vue-router,2013-12-11T19:37:46Z,2022-03-03T08:56:14Z,18727,605,83,JavaScript,64,2686
osquery,2014-07-29T20:27:33Z,2022-03-14T16:03:22Z,18726,3843,116,C++,483,2418
SpinKit,2013-12-12T23:29:41Z,2020-08-01T09:04:59Z,18721,51,9,CSS,5,53
skill-map,2015-11-17T11:17:38Z,2021-12-30T01:39:23Z,18720,42,2,HTML,69,16
rancher,2014-11-07T20:49:31Z,2022-03-14T22:12:22Z,18703,6894,818,Go,2088,26345
fastclick,2012-02-13T08:38:00Z,2021-08-13T16:01:47Z,18702,67,3,HTML,211,181
mmdetection,2018-08-22T07:06:06Z,2022-03-14T13:59:03Z,18676,1612,30,Python,423,4885
AI-Expert-Roadmap,2020-10-24T21:49:40Z,2022-02-10T12:36:46Z,18666,13,0,JavaScript,8,38
Sentinel,2018-04-04T06:37:33Z,2022-03-12T12:12:04Z,18659,418,19,Java,378,1364
pytudes,2017-03-01T05:43:35Z,2022-03-07T17:21:15Z,18659,51,0,Jupyter Notebook,16,17
poetry,2018-02-28T15:23:47Z,2022-03-14T18:48:59Z,18658,906,107,Python,1120,2459
masscan,2013-07-28T05:35:33Z,2022-03-04T16:06:14Z,18637,82,11,C,310,151
blueprint,2016-10-25T21:17:50Z,2022-03-14T04:59:10Z,18635,2078,110,TypeScript,628,2009
FileSaver.js,2011-07-15T03:27:54Z,2021-12-25T15:08:29Z,18600,65,14,JavaScript,140,459
server,2016-06-02T07:44:14Z,2022-03-14T21:23:06Z,18589,14786,36,PHP,1780,11929
jenkins,2010-11-22T21:21:23Z,2022-03-14T21:07:11Z,18577,4712,162,Java,0,0
graphql-js,2015-06-30T12:16:50Z,2022-03-14T18:14:10Z,18576,2065,139,TypeScript,134,854
winston,2010-12-29T18:49:51Z,2022-03-14T19:13:30Z,18562,433,9,JavaScript,378,928
Skeleton,2011-04-30T20:04:24Z,2021-12-23T16:27:19Z,18556,25,6,CSS,74,126
skrollr,2012-03-18T15:41:35Z,2018-01-23T20:05:59Z,18551,35,0,HTML,243,533
viper,2014-04-02T14:33:33Z,2022-03-12T10:16:25Z,18547,217,17,Go,334,377
free,2020-06-07T02:48:33Z,2022-03-14T20:01:03Z,18542,0,0,None,210,107
go-patterns,2015-12-14T22:05:06Z,2022-02-13T11:13:59Z,18537,10,0,Go,14,11
DoraemonKit,2018-08-14T10:32:07Z,2022-03-11T12:09:15Z,18535,306,7,Java,146,462
reselect,2015-07-01T11:06:45Z,2022-01-20T16:08:35Z,18515,124,34,TypeScript,14,347
Javascript,2017-07-13T06:12:33Z,2022-03-14T17:44:02Z,18508,481,0,JavaScript,5,127
C-Plus-Plus,2016-07-16T10:19:45Z,2022-03-09T06:15:25Z,18502,509,0,C++,7,184
redisson,2014-01-11T14:06:25Z,2022-03-11T14:18:47Z,18500,299,105,Java,250,3457
my-mac-os,2016-03-04T12:26:34Z,2021-11-24T10:30:34Z,18488,16,0,None,2,71
web-starter-kit,2014-04-07T08:45:18Z,2022-03-08T23:27:15Z,18479,234,14,HTML,50,535
fish-shell,2012-05-10T03:00:55Z,2022-03-14T17:36:51Z,18476,1322,34,C++,464,5731
remote-jobs,2015-10-13T03:49:25Z,2022-03-14T16:49:54Z,18465,923,0,JavaScript,17,101
postgrest,2014-06-13T00:23:00Z,2022-03-11T14:16:46Z,18447,704,36,Haskell,148,1068
awesome-deep-learning,2015-01-02T19:28:35Z,2022-03-08T14:23:12Z,18424,143,0,None,3,14
taichi,2016-11-24T10:00:05Z,2022-03-14T15:18:30Z,18423,2740,96,C++,398,1115
serenity,2018-12-02T19:28:41Z,2022-03-14T22:21:32Z,18417,9056,0,C++,476,2353
HarmonyOS,2019-08-09T11:24:00Z,2021-06-16T23:05:35Z,18414,15,0,C,0,0
jstraining,2016-10-27T12:00:26Z,2022-02-16T07:04:07Z,18407,18,0,None,0,41
locust,2011-02-17T11:08:03Z,2022-03-14T13:49:00Z,18399,523,73,Python,17,1268
GFPGAN,2021-03-19T06:18:20Z,2022-03-13T16:33:13Z,18396,11,5,Python,89,65
joi,2012-09-16T16:38:06Z,2022-02-26T22:03:42Z,18357,403,0,JavaScript,107,2038
flink,2014-06-07T07:00:10Z,2022-03-14T21:55:03Z,18348,5716,0,Java,0,0
discord.js,2015-08-10T13:36:26Z,2022-03-14T19:04:31Z,18344,3054,68,JavaScript,60,3046
editor.js,2015-11-28T20:56:35Z,2022-03-14T19:06:41Z,18331,648,26,TypeScript,336,718
SnapKit,2014-06-05T21:13:40Z,2021-11-30T17:37:31Z,18295,120,11,Swift,78,459
streamlit,2019-08-24T00:14:52Z,2022-03-14T22:07:46Z,18292,1816,33,TypeScript,547,1747
phpunit,2009-12-24T13:16:23Z,2022-03-13T18:37:20Z,18290,780,0,PHP,144,2934
bazel,2014-06-12T16:00:38Z,2022-03-14T21:30:16Z,18270,133,142,Java,2295,7251
30-Days-Of-JavaScript,2019-12-23T14:07:40Z,2022-03-14T19:25:35Z,18255,48,0,JavaScript,2,31
tdesktop,2014-05-02T12:36:31Z,2022-03-14T16:03:24Z,18252,940,568,C++,714,10078
Awesome,2016-05-30T17:27:35Z,2022-03-13T11:57:05Z,18242,206,0,None,25,71
stb,2014-05-25T16:51:23Z,2022-03-13T15:28:47Z,18230,276,0,C,78,593
picasso,2013-05-14T15:07:47Z,2022-03-11T19:58:58Z,18227,518,7,Kotlin,190,1358
CodeIgniter,2011-08-19T13:34:00Z,2022-03-12T09:45:02Z,18185,1294,0,PHP,8,3198
neural-style,2015-09-01T04:55:14Z,2018-02-23T01:21:20Z,18181,16,0,Lua,294,144
chalk,2013-08-03T00:20:12Z,2022-03-10T11:15:00Z,18169,90,22,JavaScript,1,314
NES.css,2018-09-24T01:49:11Z,2022-03-11T03:57:47Z,18154,222,7,SCSS,34,138
PhotoView,2012-07-17T16:39:00Z,2021-12-22T14:12:39Z,18145,54,5,Java,180,475
linux-command,2016-11-12T15:44:26Z,2022-03-12T04:11:43Z,18141,187,12,Markdown,36,64
weekly,2017-03-20T06:10:04Z,2022-03-14T03:16:51Z,18126,115,133,JavaScript,1,278
awesome-datascience,2014-07-05T07:07:43Z,2022-03-10T15:05:12Z,18108,261,0,None,2,40
Public-APIs,2016-01-13T18:53:25Z,2022-03-14T12:52:42Z,18101,349,0,None,0,46
delve,2014-05-20T19:24:43Z,2022-03-11T11:29:04Z,18096,1242,18,Go,104,1262
dracula-theme,2013-10-27T12:39:02Z,2022-03-14T00:57:20Z,18095,84,24,None,49,449
jumpserver,2014-07-04T03:54:59Z,2022-03-14T12:36:05Z,18090,3193,115,Python,159,3913
mpv,2012-10-13T08:08:44Z,2022-03-14T14:46:50Z,18067,1164,80,C,695,6561
Masonry,2013-07-22T01:15:48Z,2021-07-20T14:37:39Z,18023,75,1,Objective-C,123,332
wenyan,2019-12-08T20:21:32Z,2022-03-08T11:21:56Z,18014,168,13,TypeScript,171,304
eng-practices,2019-09-04T20:47:01Z,2022-02-08T05:01:53Z,18001,8,0,None,3,6
netron,2010-12-26T12:53:43Z,2022-03-14T15:28:43Z,17995,1,3,JavaScript,16,759
ink,2017-06-12T06:12:28Z,2022-03-14T09:14:53Z,17980,164,43,TypeScript,59,212
examples,2016-08-24T03:12:48Z,2022-03-13T14:16:26Z,17978,299,0,Python,135,381
source-code-pro,2012-08-09T23:14:02Z,2022-03-01T09:15:08Z,17957,47,13,CSS,55,159
setup-ipsec-vpn,2016-01-07T16:44:12Z,2022-03-14T12:50:10Z,17944,30,0,Shell,3,1024
corefx,2014-11-06T23:42:48Z,2022-03-14T17:41:49Z,17925,21862,104,None,0,0
SpaceVim,2016-12-26T04:40:55Z,2022-03-03T08:19:27Z,17920,2171,20,Vim script,59,2182
PHPMailer,2011-08-23T07:57:17Z,2022-03-11T06:36:48Z,17916,382,53,PHP,24,1840
python-telegram-bot,2015-07-07T15:30:39Z,2022-03-14T07:00:03Z,17910,848,88,Python,27,1568
TDengine,2019-07-11T08:33:48Z,2022-03-14T15:17:12Z,17907,7368,47,C,500,2063
recharts,2015-08-07T06:50:27Z,2022-03-11T07:20:12Z,17873,342,0,TypeScript,325,1995
go-micro,2015-01-13T23:30:18Z,2022-03-14T06:03:14Z,17871,1301,205,Go,69,821
openssl,2013-01-15T22:34:48Z,2022-03-14T17:24:29Z,17868,111,0,C,1399,5529
ws,2011-11-09T22:32:45Z,2022-03-10T07:12:29Z,17858,473,88,JavaScript,6,1341
wekan,2014-01-21T01:26:28Z,2022-03-14T21:07:59Z,17846,883,317,JavaScript,726,2322
weex,2016-03-11T10:18:11Z,2022-03-04T06:43:01Z,17828,1092,7,C++,26,1882
egg,2016-06-18T06:53:23Z,2022-03-09T06:26:29Z,17790,980,85,JavaScript,231,3538
vnpy,2015-03-02T03:36:58Z,2022-03-14T10:08:25Z,17783,945,48,Python,10,1864
Paddle,2016-08-15T06:59:08Z,2022-03-14T21:54:27Z,17779,19223,52,Python,2068,12237
dgraph,2015-08-25T07:15:56Z,2022-01-26T22:04:18Z,17779,4293,100,Go,10,2318
SwitchyOmega,2012-06-08T15:32:30Z,2022-02-18T08:54:49Z,17774,7,51,CoffeeScript,546,1682
rufus,2011-11-19T19:12:05Z,2022-03-12T16:11:54Z,17769,0,71,C,13,1695
chinese-independent-developer,2017-09-21T11:08:23Z,2022-03-12T10:54:33Z,17719,113,0,None,2,61
phoenix,2014-01-20T14:14:11Z,2022-03-11T17:15:37Z,17710,1993,20,Elixir,20,2123
jitsi-meet,2013-12-16T12:51:09Z,2022-03-14T20:56:39Z,17709,4959,36,JavaScript,368,4706
Mock,2013-04-26T08:06:57Z,2022-01-24T07:45:23Z,17703,7,14,JavaScript,278,140
reinforcement-learning,2016-08-24T17:02:41Z,2021-10-29T19:04:27Z,17698,58,0,Jupyter Notebook,88,61
eladmin,2018-12-14T08:54:24Z,2022-03-14T07:16:02Z,17675,64,0,Java,21,570
pytorch-lightning,2019-03-31T00:45:57Z,2022-03-14T21:40:53Z,17658,4878,84,Python,417,4246
NewPipe,2015-09-03T23:39:26Z,2022-03-12T21:08:26Z,17629,1155,116,Java,1030,5311
flatbuffers,2014-05-19T18:33:01Z,2022-03-14T19:43:10Z,17596,1397,18,C++,120,1760
awesome-piracy,2018-10-09T22:09:56Z,2022-02-26T07:14:20Z,17593,182,0,HTML,122,131
vux,2016-02-15T03:23:27Z,2021-09-17T02:56:16Z,17587,329,80,Vue,375,2926
firecracker,2017-10-19T06:18:47Z,2022-03-14T12:41:54Z,17569,1429,51,Rust,139,1070
nushell,2019-05-10T16:59:42Z,2022-03-14T20:32:33Z,17523,2516,47,Rust,254,1789
vimium,2009-09-20T07:08:19Z,2022-03-12T20:32:52Z,17494,586,0,JavaScript,930,2069
magenta,2016-05-05T20:10:40Z,2022-03-07T21:19:13Z,17473,932,47,Python,300,571
cli,2013-07-13T19:32:06Z,2022-03-14T02:29:57Z,17472,521,23,Go,67,567
CS-Interview-Knowledge-Map,2018-03-19T02:38:12Z,2020-05-03T00:47:59Z,17462,60,0,None,29,75
srs,2015-04-29T06:59:32Z,2022-03-14T12:11:57Z,17446,205,38,C++,170,840
WaveFunctionCollapse,2016-09-30T11:53:17Z,2022-02-07T14:59:59Z,17441,18,0,C#,0,40
Micro8,2019-02-18T08:30:52Z,2021-04-10T14:29:11Z,17426,2,0,None,14,31
awesome-actions,2018-10-17T17:53:45Z,2022-03-13T16:26:16Z,17426,435,0,None,13,24
svgo,2012-08-22T10:41:43Z,2022-03-06T01:47:37Z,17421,380,50,JavaScript,179,901
apollo-client,2016-02-26T20:25:00Z,2022-03-14T22:08:35Z,17415,3899,8,TypeScript,508,3674
mojs,2014-06-26T08:49:14Z,2022-03-02T13:43:06Z,17402,44,22,CoffeeScript,34,151
uikit,2013-07-18T16:00:26Z,2022-03-14T11:21:12Z,17380,200,221,HTML,688,3306
npm,2009-09-29T17:21:24Z,2020-08-07T14:31:21Z,17375,439,261,None,2167,16502
ZeroNet,2015-01-12T00:41:38Z,2021-12-13T06:22:36Z,17365,388,22,JavaScript,697,1437
fasthttp,2015-10-18T22:19:57Z,2022-03-14T17:36:20Z,17343,326,40,Go,49,718
BoostNote-Legacy,2016-03-06T17:06:07Z,2022-02-12T08:41:11Z,17341,1074,15,JavaScript,442,1900
core,2014-11-18T00:44:57Z,2022-03-14T22:22:20Z,17315,1403,160,Shell,358,4441
lowdb,2014-04-02T02:16:06Z,2022-03-10T03:22:54Z,17311,68,24,JavaScript,0,395
swoole-src,2012-07-21T13:49:59Z,2022-03-14T08:17:44Z,17310,1325,224,C++,81,2930
flexbox-layout,2016-05-04T08:11:22Z,2022-01-13T11:26:27Z,17305,246,25,Kotlin,97,214
crystal,2012-11-27T17:32:32Z,2022-03-14T21:15:25Z,17304,4280,94,Crystal,1157,5056
react-dnd,2014-10-19T13:29:28Z,2022-02-26T02:35:06Z,17281,1376,137,TypeScript,283,1256
NativeBase,2016-04-15T11:37:23Z,2022-03-14T13:53:38Z,17278,1261,160,TypeScript,265,2764
Tasmota,2017-01-28T13:37:08Z,2022-03-14T20:22:19Z,17255,3604,92,C,10,8470
flux,2014-07-20T23:33:08Z,2022-03-04T15:58:01Z,17253,201,4,JavaScript,7,232
dapr,2019-06-19T00:49:06Z,2022-03-14T22:07:53Z,17235,1902,93,Go,256,1771
tools,2020-02-20T05:57:33Z,2022-03-14T21:39:33Z,17234,1408,14,Rust,48,565
refined-github,2016-02-15T16:45:02Z,2022-03-14T15:26:11Z,17233,2173,69,TypeScript,140,2722
Awesome-Linux-Software,2016-08-06T13:16:29Z,2022-02-06T11:03:29Z,17231,402,0,Python,13,100
lux,2018-02-24T11:29:03Z,2022-03-14T14:01:28Z,17229,232,73,Go,332,454
GSYVideoPlayer,2016-11-13T12:34:31Z,2022-03-13T08:18:29Z,17225,35,32,Java,15,3287
cleave.js,2016-05-18T12:45:03Z,2022-02-10T15:30:29Z,17217,132,66,JavaScript,167,324
hhvm,2010-01-02T01:17:06Z,2022-03-14T21:52:45Z,17212,90,15,C++,595,5278
kibana,2013-01-26T04:00:59Z,2022-03-14T22:24:03Z,17182,76160,79,TypeScript,9059,34243
lens,2018-11-12T06:28:56Z,2022-03-14T20:02:08Z,17181,2293,160,TypeScript,673,1683
velocity,2014-04-09T20:02:38Z,2020-10-24T07:45:51Z,17140,54,18,JavaScript,42,772
CNTK,2015-11-26T09:52:06Z,2021-08-27T04:46:43Z,17137,257,32,C++,753,2527
wttr.in,2015-12-26T21:03:43Z,2022-03-06T01:24:39Z,17136,229,0,Python,177,276
rxdb,2016-12-02T19:34:42Z,2022-03-14T22:23:56Z,17129,2799,102,TypeScript,1,529
react-three-fiber,2019-02-25T14:31:51Z,2022-03-13T04:57:22Z,17126,322,7,TypeScript,16,608
jsdom,2010-01-19T06:55:19Z,2022-02-25T19:31:11Z,17117,757,33,JavaScript,386,1650
100-Days-Of-ML-Code,2018-08-05T13:32:48Z,2022-02-22T03:07:48Z,17106,45,0,Jupyter Notebook,8,40
ice,2016-11-03T06:59:15Z,2022-03-14T10:59:34Z,17101,2671,72,TypeScript,147,2086
p5.js,2013-02-26T03:14:47Z,2022-03-11T00:58:50Z,17093,1964,78,JavaScript,197,3026
system-design-interview,2014-05-18T02:40:53Z,2021-12-22T07:59:30Z,17082,26,0,None,6,6
awesome-falsehood,2016-09-08T09:13:47Z,2022-03-07T19:02:45Z,17076,77,0,None,2,22
pytorch-CycleGAN-and-pix2pix,2017-04-18T10:33:05Z,2022-02-23T04:23:03Z,17060,75,0,Python,373,884
mysql,2010-07-29T14:58:13Z,2022-03-14T02:33:58Z,17053,114,0,JavaScript,136,1994
learn-go-with-tests,2018-03-02T11:41:14Z,2022-03-13T10:57:07Z,17019,323,45,Go,17,140
awesome-spider,2016-09-30T02:33:03Z,2021-09-01T16:54:12Z,17010,38,0,None,20,15
